precinct,ballot_type,registered,ballots_cast,turnout,ROBERT_ORNELAS,ALAN_SPEARS,WILEY_DRAKE,JAMES_HEDGES,THOMAS_HOEFLING,ARTHUR_HARRIS,J.R._MYERS,WRITE-IN,over_votes,under_votes
1101,Election_Day,13,1,7.69,,,,,,,,1,,
1101,VBM,13,7,53.85,1,,,,1,,,2,,3
1102,Election_Day,14,5,35.71,,1,,,,1,,,,3
1102,VBM,14,5,35.71,,,1,,1,,,,,3
1103,Election_Day,11,6,54.55,,,,,,2,,,,4
1103,VBM,11,2,18.18,,,,,,,,1,,1
1104/1105,Election_Day,16,4,25,1,,,,,,,1,,2
1104/1105,VBM,16,5,31.25,,1,,1,1,,1,,,1
1106,Election_Day,14,2,14.29,,2,,,,,,,,
1106,VBM,14,4,28.57,,,,,,,,,,4
1107,Election_Day,7,3,42.86,,,,,1,,,2,,
1107,VBM,7,2,28.57,,1,,,,,,,,1
1108,Election_Day,15,5,33.33,,1,,,,,,1,,3
1108,VBM,15,6,40,,,,,1,,,4,,1
1109,Election_Day,12,5,41.67,,1,,,,,,1,,3
1109,VBM,12,4,33.33,,,,,1,,,,,3
1111,Election_Day,18,4,22.22,,,,1,,,,,,3
1111,VBM,18,3,16.67,,,,,,,,3,,
1112,Election_Day,10,4,40,,,1,,,,,2,,1
1112,VBM,10,2,20,,,,1,,,,,,1
1113,Election_Day,8,5,62.5,,,,2,,,,2,,1
1113,VBM,8,2,25,,,,,1,,,1,,
1114,Election_Day,14,2,14.29,,,,,,,,1,,1
1114,VBM,14,4,28.57,,,1,,,,,1,,2
1115,Election_Day,12,1,8.33,,,,,,,,1,,
1115,VBM,12,0,0,,,,,,,,,,
1116,Election_Day,10,3,30,,,,,,,,3,,
1116,VBM,10,1,10,,,,,,,1,,,
1117,Election_Day,17,3,17.65,1,,,,,,,1,,1
1117,VBM,17,2,11.76,,,,,1,,,,,1
1118,Election_Day,10,3,30,,1,,,,1,,,,1
1118,VBM,10,9,90,,,,,3,1,,1,1,3
1119,Election_Day,8,1,12.5,,,,,,,,1,,
1119,VBM,8,1,12.5,,,,,,,,1,,
1121,Election_Day,8,0,0,,,,,,,,,,
1121,VBM,8,5,62.5,,,,,,1,2,,,2
1122,Election_Day,11,0,0,,,,,,,,,,
1122,VBM,11,5,45.45,,1,,,,,,,,4
1123,Election_Day,13,2,15.38,,1,,,,,,1,,
1123,VBM,13,3,23.08,,,1,,1,,,1,,
1124,Election_Day,13,0,0,,,,,,,,,,
1124,VBM,13,3,23.08,,2,,,,,,1,,
1125,Election_Day,11,1,9.09,,,,,1,,,,,
1125,VBM,11,3,27.27,,,,,,,,2,,1
1126,Election_Day,15,3,20,,1,,,,,,1,,1
1126,VBM,15,12,80,,,,,,1,2,6,,3
1127,Election_Day,12,2,16.67,,,,,,,,,,2
1127,VBM,12,5,41.67,,1,,1,,,,2,,1
1128,Election_Day,13,4,30.77,,,,,,1,,1,,2
1128,VBM,13,11,84.62,1,1,1,,1,1,1,4,,1
1129,Election_Day,8,4,50,,1,,,,,,,,3
1129,VBM,8,2,25,,,,,,,,2,,
1131,Election_Day,13,2,15.38,,,,,,,1,1,,
1131,VBM,13,1,7.69,,,,,,,,,,1
1132,Election_Day,10,1,10,,,,,,,,1,,
1132,VBM,10,8,80,,2,,1,,,,2,,3
1133,Election_Day,14,4,28.57,,1,,,1,1,,,,1
1133,VBM,14,9,64.29,2,,,,,,,2,,5
1134,Election_Day,7,0,0,,,,,,,,,,
1134,VBM,7,5,71.43,1,,,,,,,1,,3
1135,Election_Day,8,0,0,,,,,,,,,,
1135,VBM,8,8,100,,,1,,,1,,2,,4
1136,Election_Day,10,3,30,,,,,,,,1,1,1
1136,VBM,10,3,30,1,,,,1,,,,,1
1141,Election_Day,15,4,26.67,,1,,,,,,,,3
1141,VBM,15,6,40,,,,,,,,1,,5
1142,Election_Day,14,4,28.57,,,,,,1,,1,,2
1142,VBM,14,4,28.57,,,1,,,,,1,,2
1143,Election_Day,21,3,14.29,,,,,,,,3,,
1143,VBM,21,3,14.29,,,,,,,,1,,2
1144,Election_Day,13,2,15.38,1,,,,1,,,,,
1144,VBM,13,6,46.15,,,,,1,,,2,,3
1145,Election_Day,9,2,22.22,,1,,,,,,1,,
1145,VBM,9,0,0,,,,,,,,,,
1146,Election_Day,15,4,26.67,2,,,,,,,,,2
1146,VBM,15,8,53.33,,,2,,,1,,3,,2
1147,Election_Day,16,1,6.25,,,,1,,,,,,
1147,VBM,16,4,25,1,,,,,,,1,,2
1148,Election_Day,8,8,100,,,1,,,,,3,,4
1148,VBM,8,6,75,,,,2,,2,,1,,1
1149,Election_Day,13,4,30.77,1,,,,,,,2,,1
1149,VBM,13,4,30.77,1,,,,,,,1,,2
1151,Election_Day,0,0,0,,,,,,,,,,
1151,VBM,0,0,0,,,,,,,,,,
1152,Election_Day,14,3,21.43,,1,,,,,,,,2
1152,VBM,14,2,14.29,,,,1,,,,1,,
1153,Election_Day,16,2,12.5,,1,,,,,,1,,
1153,VBM,16,14,87.5,,,2,,1,,,9,,2
1154,Election_Day,0,0,0,,,,,,,,,,
1154,VBM,0,0,0,,,,,,,,,,
7001,Election_Day,7,3,42.86,,1,,,,,,1,,1
7001,VBM,7,2,28.57,,,,,,,,1,,1
7002,Election_Day,15,1,6.67,,,1,,,,,,,
7002,VBM,15,2,13.33,,,,,1,,,1,,
7003,Election_Day,13,1,7.69,,,,,,,,1,,
7003,VBM,13,3,23.08,,,,,,,,1,,2
7004,Election_Day,9,1,11.11,,,,,,,,,,1
7004,VBM,9,3,33.33,,,,,,,,1,,2
7005,Election_Day,9,0,0,,,,,,,,,,
7005,VBM,9,2,22.22,,,,,,,,1,,1
7006,Election_Day,14,5,35.71,,,,,,1,,1,,3
7006,VBM,14,6,42.86,,,,,1,,1,4,,
7007,Election_Day,14,2,14.29,,,,,,,,,,2
7007,VBM,14,6,42.86,,,,,,,,4,,2
7008,Election_Day,20,4,20,1,,,,,,,,,3
7008,VBM,20,9,45,,,,,,,,6,,3
7009,Election_Day,15,4,26.67,,,,,,,1,,,3
7009,VBM,15,6,40,,,,,,,,3,,3
7011,Election_Day,10,1,10,,,,,,,,,,1
7011,VBM,10,5,50,,,,,,1,,4,,
7012,Election_Day,10,1,10,,,,,,,,,,1
7012,VBM,10,6,60,,,,,,1,,1,,4
7013,Election_Day,13,2,15.38,,,,,,,,1,,1
7013,VBM,13,4,30.77,,,,,1,,,2,,1
7014,Election_Day,14,0,0,,,,,,,,,,
7014,VBM,14,4,28.57,,,,,,,1,,,3
7015,Election_Day,6,0,0,,,,,,,,,,
7015,VBM,6,1,16.67,,,,,,,,,,1
7016,Election_Day,15,2,13.33,,1,,,,,,,,1
7016,VBM,15,4,26.67,,,,,,1,1,,,2
7017,Election_Day,8,1,12.5,,,,,,,,,,1
7017,VBM,8,3,37.5,,,,,,,,2,,1
7018,Election_Day,12,1,8.33,,,1,,,,,,,
7018,VBM,12,2,16.67,,,,,,1,,1,,
7019,Election_Day,6,1,16.67,,,,,,,,,,1
7019,VBM,6,2,33.33,,,,,,,,,,2
7021,Election_Day,12,3,25,,,,,,1,,,,2
7021,VBM,12,2,16.67,,2,,,,,,,,
7022,Election_Day,12,3,25,,,,,,1,,,,2
7022,VBM,12,5,41.67,,,2,,,,,2,,1
7023,Election_Day,13,1,7.69,,,,,,,,,,1
7023,VBM,13,3,23.08,,,,,,,,1,,2
7024,Election_Day,3,0,0,,,,,,,,,,
7024,VBM,3,0,0,,,,,,,,,,
7025,Election_Day,12,1,8.33,,,,,,,,,,1
7025,VBM,12,2,16.67,,,,,,,,1,,1
7026,Election_Day,7,1,14.29,,,,,,,,1,,
7026,VBM,7,3,42.86,,,,1,1,,,1,,
7027,Election_Day,12,2,16.67,,,1,,,,,,,1
7027,VBM,12,3,25,,,,,,,1,,,2
7028,Election_Day,15,1,6.67,,,,,,,,1,,
7028,VBM,15,2,13.33,,,,,,,,2,,
7029,Election_Day,9,0,0,,,,,,,,,,
7029,VBM,9,2,22.22,,,,,,,,,,2
7030,Election_Day,10,6,60,,1,1,,,,,,,4
7030,VBM,10,4,40,2,,,,,,,,,2
7031,Election_Day,3,0,0,,,,,,,,,,
7031,VBM,3,1,33.33,,,,,,,1,,,
7032,Election_Day,10,2,20,,,,,,,,,,2
7032,VBM,10,3,30,,,,,,,,2,,1
7033,Election_Day,12,2,16.67,,,,,,,,,,2
7033,VBM,12,2,16.67,,,,,,,,1,,1
7034,Election_Day,23,3,13.04,,,,,,1,,1,,1
7034,VBM,23,3,13.04,,,,,,1,,2,,
7035,Election_Day,5,1,20,,,,,,,,,,1
7035,VBM,5,0,0,,,,,,,,,,
7036,Election_Day,15,0,0,,,,,,,,,,
7036,VBM,15,6,40,,1,,,1,,,2,,2
7037,Election_Day,16,0,0,,,,,,,,,,
7037,VBM,16,1,6.25,,,,1,,,,,,
7038,Election_Day,9,2,22.22,,,,,1,1,,,,
7038,VBM,9,4,44.44,,,1,,1,,,,,2
7039,Election_Day,3,7,233.33,1,,,,1,,1,,,4
7039,VBM,3,3,100,,1,,,1,,,1,,
7041,Election_Day,0,0,0,,,,,,,,,,
7041,VBM,0,0,0,,,,,,,,,,
7042,Election_Day,17,4,23.53,,,,,,,,1,,3
7042,VBM,17,2,11.76,1,,,,,,,,,1
7043,Election_Day,15,4,26.67,,,,,,,,2,,2
7043,VBM,15,3,20,,,,1,,,,2,,
7044,Election_Day,15,0,0,,,,,,,,,,
7044,VBM,15,3,20,,,,,,,,1,,2
7045,Election_Day,10,3,30,1,,,,,1,,,,1
7045,VBM,10,2,20,1,,,,,,,,,1
7046,Election_Day,6,2,33.33,,1,,,,,,1,,
7046,VBM,6,2,33.33,1,,,,,,,1,,
7047,Election_Day,12,2,16.67,,,,,,,1,1,,
7047,VBM,12,5,41.67,,,1,,,,,2,,2
7048,Election_Day,8,4,50,,,,1,,,,2,,1
7048,VBM,8,2,25,,,,,,,,1,,1
7049,Election_Day,8,1,12.5,,,1,,,,,,,
7049,VBM,8,2,25,,,,,,,,1,,1
7051,Election_Day,13,3,23.08,,,,,,,,,,3
7051,VBM,13,7,53.85,,,,,,,1,1,,5
7052,Election_Day,16,1,6.25,,,1,,,,,,,
7052,VBM,16,6,37.5,,1,,,,2,,1,,2
7053,Election_Day,10,1,10,,,,,,,,1,,
7053,VBM,10,2,20,,,,,,,,2,,
7054,Election_Day,15,4,26.67,,1,,,,,,1,,2
7054,VBM,15,0,0,,,,,,,,,,
7101,Election_Day,0,0,0,,,,,,,,,,
7101,VBM,0,0,0,,,,,,,,,,
7201,Election_Day,24,4,16.67,,,,,,,,3,,1
7201,VBM,24,9,37.5,,,1,,,,1,5,,2
7202,Election_Day,17,3,17.65,,,1,,,,,1,,1
7202,VBM,17,3,17.65,,,,,,,,2,,1
7203,Election_Day,16,3,18.75,,,,,,,,1,,2
7203,VBM,16,2,12.5,,,,,,,,2,,
7204,Election_Day,17,3,17.65,,,,,,,,,,3
7204,VBM,17,11,64.71,,,,,,,,4,,7
7205,Election_Day,21,2,9.52,,,1,,,,,,,1
7205,VBM,21,7,33.33,,,,,,,,3,,4
7206,Election_Day,11,4,36.36,,,,,,,,2,,2
7206,VBM,11,0,0,,,,,,,,,,
7207,Election_Day,12,4,33.33,,,1,,,1,,,,2
7207,VBM,12,5,41.67,,,,,,,1,,,4
7208,Election_Day,11,1,9.09,,,,,,,,,1,
7208,VBM,11,5,45.45,,,,,,2,,1,,2
7209,Election_Day,5,2,40,,1,,,,1,,,,
7209,VBM,5,2,40,,,,,,,,1,,1
7301,Election_Day,22,3,13.64,,,,,,,,2,,1
7301,VBM,22,8,36.36,,,,1,,,,4,,3
7302,Election_Day,11,2,18.18,,,1,,,,,1,,
7302,VBM,11,5,45.45,,,1,,,,,2,,2
7303,Election_Day,21,9,42.86,,2,,1,1,1,,1,,3
7303,VBM,21,5,23.81,,,,,,,1,2,,2
7304,Election_Day,22,1,4.55,,,,,,,,1,,
7304,VBM,22,5,22.73,,1,,,,,,2,,2
7305,Election_Day,11,2,18.18,,,1,,,,,1,,
7305,VBM,11,2,18.18,,,,,,,1,,,1
7306,Election_Day,23,3,13.04,1,,,,,,,2,,
7306,VBM,23,7,30.43,,,1,,,1,,3,,2
7307,Election_Day,17,6,35.29,1,,,1,,,,2,,2
7307,VBM,17,4,23.53,,,2,1,,,,1,,
7308,Election_Day,8,3,37.5,,1,,,,,,,,2
7308,VBM,8,1,12.5,,,,,,,,,,1
7309,Election_Day,25,4,16,,1,,,,,,2,,1
7309,VBM,25,6,24,1,,,,,,,4,,1
7311,Election_Day,16,1,6.25,,,,,,,,,,1
7311,VBM,16,3,18.75,,,1,,1,,,,,1
7312,Election_Day,18,3,16.67,1,,,,,,,1,,1
7312,VBM,18,8,44.44,1,,,,,,,,,7
7313,Election_Day,18,4,22.22,,1,,,,1,,2,,
7313,VBM,18,5,27.78,,1,,,,,,,,4
7314,Election_Day,6,2,33.33,,,1,,,,,1,,
7314,VBM,6,0,0,,,,,,,,,,
7315,Election_Day,11,2,18.18,,,,,,,,1,,1
7315,VBM,11,3,27.27,,,,,,,1,,,2
7316,Election_Day,13,2,15.38,,,,,,,,1,,1
7316,VBM,13,5,38.46,,1,1,,,,,2,,1
7317,Election_Day,19,2,10.53,,,1,,,,,,,1
7317,VBM,19,6,31.58,,,1,,,,,2,,3
7318,Election_Day,7,1,14.29,,,,1,,,,,,
7318,VBM,7,2,28.57,,1,,,,,,,,1
7319,Election_Day,14,2,14.29,,,1,,,,,,,1
7319,VBM,14,3,21.43,,1,,,,,,1,,1
7321,Election_Day,13,3,23.08,,,,,,,1,1,,1
7321,VBM,13,5,38.46,1,,,,,1,,2,,1
7322,Election_Day,6,0,0,,,,,,,,,,
7322,VBM,6,1,16.67,,,,1,,,,,,
7323,Election_Day,11,3,27.27,,,,,,,,1,,2
7323,VBM,11,2,18.18,1,,,,,,,,,1
7324,Election_Day,9,3,33.33,,,,,,,,1,,2
7324,VBM,9,1,11.11,,,,,,,,1,,
7325,Election_Day,17,4,23.53,,,1,,,,,2,,1
7325,VBM,17,1,5.88,,,,,,,,1,,
7326,Election_Day,16,4,25,,,,,,,1,,,3
7326,VBM,16,1,6.25,,,,,,,,,,1
7327,Election_Day,8,1,12.5,1,,,,,,,,,
7327,VBM,8,3,37.5,,,1,,1,,,1,,
7328,Election_Day,7,0,0,,,,,,,,,,
7328,VBM,7,3,42.86,,,,1,,,,1,,1
7329,Election_Day,12,3,25,,1,,,,,,,,2
7329,VBM,12,3,25,,,,,1,,,1,,1
7331,Election_Day,15,2,13.33,,,,,,,,1,,1
7331,VBM,15,4,26.67,,,,,,,,,,4
7332,Election_Day,14,4,28.57,,,,,,,,2,,2
7332,VBM,14,2,14.29,,1,,1,,,,,,
7333,Election_Day,23,6,26.09,1,,,,,1,,2,,2
7333,VBM,23,6,26.09,,,,,,,,1,,5
7334,Election_Day,15,2,13.33,,,,,,,,1,,1
7334,VBM,15,4,26.67,1,1,,,,,,,,2
7335,Election_Day,25,2,8,,,,,,,,1,,1
7335,VBM,25,8,32,,,,,,,,3,,5
7336,Election_Day,14,4,28.57,,,1,,,,,1,,2
7336,VBM,14,4,28.57,,,,,1,1,,2,,
7337,Election_Day,12,2,16.67,,1,,,,,,,,1
7337,VBM,12,3,25,,,,,,2,,,,1
7338,Election_Day,11,2,18.18,,,,1,,,,,,1
7338,VBM,11,4,36.36,,,,,,,,2,,2
7339,Election_Day,13,3,23.08,1,,,,,,1,,,1
7339,VBM,13,2,15.38,,,,,1,,,,,1
7341,Election_Day,23,2,8.7,,,,,1,,,,,1
7341,VBM,23,4,17.39,,,,,,,,3,,1
7342,Election_Day,23,2,8.7,,,,,,1,,,,1
7342,VBM,23,6,26.09,,1,,,,,,4,,1
7343,Election_Day,15,4,26.67,,,1,,,,,1,,2
7343,VBM,15,2,13.33,,,,,,,,2,,
7344,Election_Day,17,4,23.53,,1,,,,,,2,,1
7344,VBM,17,3,17.65,1,,,,,,,,,2
7345,Election_Day,18,0,0,,,,,,,,,,
7345,VBM,18,8,44.44,,,1,,,,,3,,4
7346,Election_Day,9,2,22.22,,,,,,,,1,,1
7346,VBM,9,1,11.11,,,,,1,,,,,
7347,Election_Day,23,3,13.04,,,,,,,,2,,1
7347,VBM,23,0,0,,,,,,,,,,
7348,Election_Day,12,0,0,,,,,,,,,,
7348,VBM,12,4,33.33,,,,,,,,2,,2
7349,Election_Day,19,1,5.26,,,,,1,,,,,
7349,VBM,19,4,21.05,1,1,,,,,,1,,1
7501,Election_Day,9,0,0,,,,,,,,,,
7501,VBM,9,1,11.11,,,,,,,,1,,
7502,Election_Day,16,3,18.75,,1,,,,,,1,,1
7502,VBM,16,4,25,,,,,,1,,2,,1
7503,Election_Day,14,4,28.57,,,,,,,,,,4
7503,VBM,14,4,28.57,,,,,,,,1,,3
7504,Election_Day,6,1,16.67,,,,,,,,,,1
7504,VBM,6,1,16.67,,,,,,,,1,,
7505,Election_Day,14,3,21.43,,,,,,1,,1,,1
7505,VBM,14,10,71.43,2,1,,,,2,,1,,4
7506,Election_Day,17,4,23.53,,,,,,,,2,,2
7506,VBM,17,5,29.41,,,,,,1,,2,,2
7507,Election_Day,12,0,0,,,,,,,,,,
7507,VBM,12,2,16.67,,,,,,1,,1,,
7508,Election_Day,12,3,25,,,,,,,,,,3
7508,VBM,12,4,33.33,,,,,,,,1,,3
7509/7511,Election_Day,8,3,37.5,,,,,,1,1,,,1
7509/7511,VBM,8,2,25,,,,,,,,,,2
7512,Election_Day,7,1,14.29,,,,,,,,1,,
7512,VBM,7,5,71.43,,1,2,,,1,,,,1
7513,Election_Day,8,4,50,,,,,,,,,,4
7513,VBM,8,0,0,,,,,,,,,,
7514,Election_Day,14,0,0,,,,,,,,,,
7514,VBM,14,3,21.43,,1,,,,1,,1,,
7515,Election_Day,10,0,0,,,,,,,,,,
7515,VBM,10,2,20,,,,1,,,,,,1
7516,Election_Day,12,3,25,,1,,,,,,,,2
7516,VBM,12,4,33.33,,,,,,,,3,,1
7517,Election_Day,23,6,26.09,,1,1,,,,,,,4
7517,VBM,23,4,17.39,1,,,,,,,2,,1
7518,Election_Day,16,6,37.5,,,,,,,,2,,4
7518,VBM,16,4,25,,,,,1,,,,,3
7519,Election_Day,18,5,27.78,,,,,,,,1,,4
7519,VBM,18,4,22.22,,,,,,1,,1,,2
7521,Election_Day,12,3,25,,,,,,,,,,3
7521,VBM,12,1,8.33,,,,,,,,1,,
7522,Election_Day,13,2,15.38,,,1,,,,,,,1
7522,VBM,13,2,15.38,,,,,1,,,,,1
7523,Election_Day,11,6,54.55,,,1,,1,1,,,,3
7523,VBM,11,1,9.09,,,,,,,,,,1
7524,Election_Day,11,2,18.18,,,,,,1,,,,1
7524,VBM,11,3,27.27,,,,,,,,1,,2
7525,Election_Day,15,4,26.67,,,,,,,,,,4
7525,VBM,15,3,20,,,,,,,1,1,,1
7526,Election_Day,15,4,26.67,,,,,,,,1,,3
7526,VBM,15,4,26.67,,1,,,,,,1,,2
7527/7528,Election_Day,19,6,31.58,,1,,,,1,,,,4
7527/7528,VBM,19,4,21.05,,,,2,,,,2,,
7529,Election_Day,17,4,23.53,,,,,,,,2,,2
7529,VBM,17,1,5.88,,,,,,,,,,1
7531,Election_Day,18,6,33.33,,1,,,,,,,,5
7531,VBM,18,1,5.56,,,,,,,,,,1
7532,Election_Day,14,2,14.29,,,,,,,,1,,1
7532,VBM,14,4,28.57,,,,,,,,2,,2
7533,Election_Day,16,5,31.25,,,,2,,,,1,,2
7533,VBM,16,3,18.75,,,,,,,,1,,2
7534,Election_Day,14,2,14.29,,,,,,,,1,,1
7534,VBM,14,2,14.29,,,,,1,,,,,1
7535,Election_Day,5,1,20,,,,,,,,,,1
7535,VBM,5,1,20,,,,,,,,,,1
7536,Election_Day,11,2,18.18,,,,,,,,,,2
7536,VBM,11,3,27.27,,,,,,,,2,,1
7537,Election_Day,15,6,40,,1,,,,1,,1,,3
7537,VBM,15,2,13.33,,,,,,,,,,2
7538,Election_Day,7,0,0,,,,,,,,,,
7538,VBM,7,1,14.29,,,,,,,,,,1
7539,Election_Day,8,1,12.5,,,,,,,,1,,
7539,VBM,8,1,12.5,,,,,,,,,,1
7541,Election_Day,10,3,30,1,,,,,,,,,2
7541,VBM,10,3,30,,,,2,,1,,,,
7542,Election_Day,15,0,0,,,,,,,,,,
7542,VBM,15,3,20,,,,,1,,,1,,1
7543,Election_Day,16,1,6.25,,,,,,,,,,1
7543,VBM,16,5,31.25,,,1,,,,,1,,3
7544,Election_Day,16,4,25,,,2,,,,,1,,1
7544,VBM,16,1,6.25,,,,,,,,1,,
7545,Election_Day,13,2,15.38,,,,,,,,1,,1
7545,VBM,13,4,30.77,,,,,,,,3,,1
7546,Election_Day,15,5,33.33,1,2,,,,,,,,2
7546,VBM,15,4,26.67,,,1,,,,,1,,2
7547,Election_Day,11,1,9.09,,,,,,,,,,1
7547,VBM,11,1,9.09,,,,,,,,,,1
7548,Election_Day,22,2,9.09,,1,,,,,,,,1
7548,VBM,22,2,9.09,,,1,,,,,,,1
7549,Election_Day,8,2,25,,1,,,,,,,,1
7549,VBM,8,2,25,,1,,,,,,,,1
7551,Election_Day,13,2,15.38,,,,,,,,,,2
7551,VBM,13,3,23.08,,,1,,,,,,,2
7552,Election_Day,10,2,20,,,,,,,,,,2
7552,VBM,10,2,20,,,,,,,,1,,1
7553,Election_Day,2,0,0,,,,,,,,,,
7553,VBM,2,1,50,,,,,1,,,,,
7554,Election_Day,11,3,27.27,,,,,,,,1,,2
7554,VBM,11,4,36.36,,,,,,,,,,4
7555,Election_Day,11,3,27.27,,,,,,,,1,,2
7555,VBM,11,1,9.09,,,,,,1,,,,
7556/7557,Election_Day,15,1,6.67,,,,,,,,,,1
7556/7557,VBM,15,5,33.33,,,1,,,1,,,,3
7601,Election_Day,28,5,17.86,,,,1,,,,3,,1
7601,VBM,28,4,14.29,,,,,1,1,,2,,
7602,Election_Day,20,2,10,,,,,1,,,,,1
7602,VBM,20,9,45,2,2,2,,,1,,2,,
7603,Election_Day,15,2,13.33,,,,,,,,1,,1
7603,VBM,15,4,26.67,,,,,,,,3,,1
7604,Election_Day,21,4,19.05,1,,,1,,,,2,,
7604,VBM,21,9,42.86,,,,1,2,1,,1,,4
7605,Election_Day,25,2,8,,,,,,,,,,2
7605,VBM,25,2,8,,,,,,,,,,2
7606,Election_Day,15,2,13.33,,,,,,,,1,,1
7606,VBM,15,10,66.67,,,1,1,,1,,4,,3
7607,Election_Day,17,5,29.41,,,1,,,1,,2,,1
7607,VBM,17,4,23.53,,,,,,,,2,,2
7608,Election_Day,8,0,0,,,,,,,,,,
7608,VBM,8,5,62.5,1,,1,,,1,,1,,1
7609,Election_Day,23,2,8.7,,,,,,1,,,,1
7609,VBM,23,8,34.78,1,1,,,,,,5,,1
7611,Election_Day,21,1,4.76,,,,,,,,1,,
7611,VBM,21,9,42.86,,,,,,,1,2,,6
7612,Election_Day,17,1,5.88,,,,,,,,,,1
7612,VBM,17,3,17.65,,,3,,,,,,,
7613,Election_Day,19,7,36.84,,1,,,,,,4,,2
7613,VBM,19,6,31.58,,,,,,,,1,,5
7614,Election_Day,14,4,28.57,1,,,,,,,2,,1
7614,VBM,14,1,7.14,,1,,,,,,,,
7615,Election_Day,30,3,10,,,1,,,,,2,,
7615,VBM,30,7,23.33,,,,1,,,1,5,,
7616,Election_Day,10,0,0,,,,,,,,,,
7616,VBM,10,6,60,,,,,,1,,4,,1
7617,Election_Day,21,1,4.76,,,,,,,,,,1
7617,VBM,21,9,42.86,2,1,,2,3,,,1,,
7618,Election_Day,6,1,16.67,,,,,,,,,,1
7618,VBM,6,6,100,1,,1,,,1,,1,,2
7619,Election_Day,32,2,6.25,,,,,,,,,,2
7619,VBM,32,7,21.88,,,,1,,1,,1,,4
7621,Election_Day,19,1,5.26,1,,,,,,,,,
7621,VBM,19,1,5.26,1,,,,,,,,,
7622,Election_Day,17,0,0,,,,,,,,,,
7622,VBM,17,2,11.76,1,,,,,1,,,,
7623,Election_Day,16,1,6.25,,,,,,,,1,,
7623,VBM,16,5,31.25,1,1,,,,,,1,,2
7624,Election_Day,22,3,13.64,,,,1,,1,1,,,
7624,VBM,22,3,13.64,1,,,,,,,1,,1
7625,Election_Day,12,2,16.67,,,1,,,1,,,,
7625,VBM,12,4,33.33,,,1,1,,,,1,,1
7626,Election_Day,17,2,11.76,,,,,,,,,,2
7626,VBM,17,4,23.53,,,,,,,,2,,2
7627,Election_Day,24,0,0,,,,,,,,,,
7627,VBM,24,10,41.67,,,,1,,1,,3,,5
7628,Election_Day,17,4,23.53,,,,,,,,,,4
7628,VBM,17,6,35.29,1,,,,,,,5,,
7629,Election_Day,8,1,12.5,,,,,,,,,,1
7629,VBM,8,3,37.5,,,,,,,,2,,1
7631,Election_Day,12,0,0,,,,,,,,,,
7631,VBM,12,6,50,,1,,,,,,2,,3
7632,Election_Day,7,2,28.57,,,,,,,,1,,1
7632,VBM,7,2,28.57,,,,,1,,,1,,
7633,Election_Day,7,0,0,,,,,,,,,,
7633,VBM,7,3,42.86,,,,1,,,,2,,
7634,Election_Day,13,1,7.69,,,,1,,,,,,
7634,VBM,13,1,7.69,,,,,,,,1,,
7635,Election_Day,14,1,7.14,,,,,1,,,,,
7635,VBM,14,4,28.57,,,,,,,,2,,2
7636,Election_Day,10,5,50,,3,,,,,,1,,1
7636,VBM,10,0,0,,,,,,,,,,
7637,Election_Day,11,0,0,,,,,,,,,,
7637,VBM,11,4,36.36,,,,,,,,2,,2
7638,Election_Day,21,4,19.05,,,1,,,,,1,,2
7638,VBM,21,8,38.1,,,,,,,,5,,3
7639,Election_Day,18,6,33.33,,,1,,1,,,,,4
7639,VBM,18,6,33.33,,,,,,,,3,,3
7641,Election_Day,18,1,5.56,,,,1,,,,,,
7641,VBM,18,7,38.89,1,,,,,,,2,,4
7642,Election_Day,16,2,12.5,,,,,,,,,,2
7642,VBM,16,13,81.25,,,1,,2,1,,7,,2
7643,Election_Day,9,0,0,,,,,,,,,,
7643,VBM,9,3,33.33,,,2,,,,,,,1
7644,Election_Day,8,2,25,,,,,,1,,1,,
7644,VBM,8,0,0,,,,,,,,,,
7645,Election_Day,12,2,16.67,,1,,,,,,,,1
7645,VBM,12,3,25,,,,,,,,2,,1
7646,Election_Day,26,3,11.54,,,,,,,,1,,2
7646,VBM,26,4,15.38,1,,,,,,,3,,
7647,Election_Day,21,2,9.52,,1,,,,,,,,1
7647,VBM,21,4,19.05,,,,,,,,3,,1
7648,Election_Day,0,0,0,,,,,,,,,,
7648,VBM,0,0,0,,,,,,,,,,
7701,Election_Day,19,5,26.32,,,,,,1,,3,,1
7701,VBM,19,5,26.32,,,,,,,,3,,2
7702,Election_Day,10,2,20,,,,,,,,1,,1
7702,VBM,10,3,30,,,,,,,,1,,2
7703,Election_Day,9,0,0,,,,,,,,,,
7703,VBM,9,3,33.33,1,,,,,,1,1,,
7704,Election_Day,20,3,15,,,,,,,,1,,2
7704,VBM,20,7,35,,1,,,,,,3,,3
7705,Election_Day,9,3,33.33,,,,,,,,,,3
7705,VBM,9,4,44.44,,,,,,,,1,,3
7706,Election_Day,12,5,41.67,,,,,,1,,1,,3
7706,VBM,12,3,25,,,,,,,,2,,1
7707,Election_Day,11,4,36.36,,,,,1,,,2,,1
7707,VBM,11,8,72.73,,,,,,,,2,,6
7708,Election_Day,14,4,28.57,,1,,,,,,1,,2
7708,VBM,14,7,50,,,,,,,,6,,1
7709,Election_Day,4,0,0,,,,,,,,,,
7709,VBM,4,1,25,,,1,,,,,,,
7711,Election_Day,15,1,6.67,,,,,,,,,,1
7711,VBM,15,4,26.67,,,,,,,,4,,
7712,Election_Day,5,2,40,,,,,,,,1,,1
7712,VBM,5,1,20,,,,,,,,,,1
7801,Election_Day,14,1,7.14,,,,,,,,1,,
7801,VBM,14,3,21.43,,,,,,,,2,,1
7802,Election_Day,7,3,42.86,,,,,,,,2,,1
7802,VBM,7,1,14.29,,,,,,,,,,1
7803,Election_Day,5,1,20,,,,,,,,1,,
7803,VBM,5,2,40,,,,,,,,1,,1
7804,Election_Day,10,2,20,,,,,,,,1,,1
7804,VBM,10,6,60,,1,,,,1,,,,4
7805,Election_Day,7,3,42.86,,,,,,,,1,,2
7805,VBM,7,1,14.29,,,,1,,,,,,
7806,Election_Day,10,1,10,,,,,,,,,,1
7806,VBM,10,3,30,,,,,,,,2,,1
7807,Election_Day,8,0,0,,,,,,,,,,
7807,VBM,8,2,25,,,,1,,,,1,,
7808,Election_Day,4,3,75,,,,1,,,,2,,
7808,VBM,4,0,0,,,,,,,,,,
7809,Election_Day,17,0,0,,,,,,,,,,
7809,VBM,17,4,23.53,,,2,,,,,1,,1
7811,Election_Day,8,1,12.5,,1,,,,,,,,
7811,VBM,8,3,37.5,,,,,,,,3,,
7812,Election_Day,4,3,75,,,,,,1,,1,,1
7812,VBM,4,1,25,,,,,,,,,,1
7813,Election_Day,11,2,18.18,,,,,,,,1,,1
7813,VBM,11,3,27.27,1,,,,,,,,,2
7814,Election_Day,17,1,5.88,,,,,,,,1,,
7814,VBM,17,5,29.41,,,,,,,,1,1,3
7815,Election_Day,10,3,30,,1,,,,,,,,2
7815,VBM,10,6,60,,1,,,,1,,3,,1
7816,Election_Day,6,3,50,,,,,,,,1,,2
7816,VBM,6,3,50,,,,,,,,2,,1
7817,Election_Day,8,1,12.5,,,,,,,,1,,
7817,VBM,8,3,37.5,,,,,,,,2,,1
7818,Election_Day,12,1,8.33,,,,1,,,,,,
7818,VBM,12,2,16.67,,1,,,,,,,,1
7819,Election_Day,9,4,44.44,,1,,,,,,1,,2
7819,VBM,9,1,11.11,,,,,,,,,,1
7821,Election_Day,11,2,18.18,,,,,1,,1,,,
7821,VBM,11,3,27.27,,,,,,1,,1,,1
7822,Election_Day,8,2,25,,,,,,,,2,,
7822,VBM,8,1,12.5,,,,,,,,1,,
7823,Election_Day,8,0,0,,,,,,,,,,
7823,VBM,8,4,50,,,,,,,,1,,3
7824,Election_Day,6,1,16.67,,,,,,,,,,1
7824,VBM,6,2,33.33,,1,,,,,,1,,
7825,Election_Day,7,2,28.57,,,,,,,,1,,1
7825,VBM,7,0,0,,,,,,,,,,
7826,Election_Day,5,1,20,,,,,,,1,,,
7826,VBM,5,0,0,,,,,,,,,,
7827,Election_Day,6,3,50,,,,,,,,1,,2
7827,VBM,6,1,16.67,,,,,,,,1,,
7828,Election_Day,21,6,28.57,,,,,,1,,1,,4
7828,VBM,21,4,19.05,,,,,,,,2,,2
7829,Election_Day,11,3,27.27,,,,,,,,1,,2
7829,VBM,11,3,27.27,1,,,,1,,,,,1
7831,Election_Day,9,4,44.44,,,,,,,,,,4
7831,VBM,9,5,55.56,,,,,,,,2,,3
7832,Election_Day,3,0,0,,,,,,,,,,
7832,VBM,3,0,0,,,,,,,,,,
7833,Election_Day,6,2,33.33,,,,,,,,1,,1
7833,VBM,6,1,16.67,,,,,,,,,,1
7834,Election_Day,9,2,22.22,,,,,,,,,,2
7834,VBM,9,3,33.33,,,,,,,,2,,1
7835,Election_Day,14,6,42.86,1,,,,,,,1,,4
7835,VBM,14,8,57.14,,,,,,,,5,,3
7836,Election_Day,14,2,14.29,,,,,,,,1,,1
7836,VBM,14,5,35.71,,1,,,,,,2,,2
7837,Election_Day,7,0,0,,,,,,,,,,
7837,VBM,7,4,57.14,1,,,,,,,2,,1
7838,Election_Day,8,2,25,,,,,,,,1,,1
7838,VBM,8,2,25,,,,,,,,2,,
7839,Election_Day,12,0,0,,,,,,,,,,
7839,VBM,12,6,50,,1,,,,,,5,,
7841,Election_Day,12,3,25,,,,,,,1,,,2
7841,VBM,12,2,16.67,,1,,,,,,,,1
7842,Election_Day,6,4,66.67,,,,,1,,,1,,2
7842,VBM,6,2,33.33,,,,,,,,1,,1
7843,Election_Day,6,3,50,,,,1,,,,2,,
7843,VBM,6,1,16.67,,,,,,,,1,,
7844,Election_Day,6,0,0,,,,,,,,,,
7844,VBM,6,1,16.67,,,,,,,,,,1
7845,Election_Day,12,5,41.67,,1,,,,,,1,,3
7845,VBM,12,2,16.67,,,,,1,,,,,1
7846,Election_Day,10,3,30,,,,,,,,2,,1
7846,VBM,10,1,10,,,,,,,,,,1
7847,Election_Day,11,2,18.18,,,,,,,,,,2
7847,VBM,11,5,45.45,,,,,,,,2,,3
7848,Election_Day,7,0,0,,,,,,,,,,
7848,VBM,7,1,14.29,,,,,,,,1,,
7849,Election_Day,12,2,16.67,,,1,,,,,,,1
7849,VBM,12,0,0,,,,,,,,,,
7851,Election_Day,5,1,20,,,,,,,,1,,
7851,VBM,5,3,60,,,,,,,,2,,1
7852,Election_Day,5,1,20,,1,,,,,,,,
7852,VBM,5,3,60,,1,,,,1,,1,,
7853,Election_Day,15,4,26.67,,,,,1,,,1,,2
7853,VBM,15,6,40,,,,,,1,1,3,,1
7854,Election_Day,9,3,33.33,,,,,,,,1,,2
7854,VBM,9,1,11.11,,,,,,,,1,,
7855,Election_Day,3,2,66.67,,,,,,,,,,2
7855,VBM,3,2,66.67,,,,,,,,1,,1
7856,Election_Day,9,2,22.22,,,,,,,,,,2
7856,VBM,9,1,11.11,,,,,,,,,,1
7857,Election_Day,16,3,18.75,1,,,1,,,,,,1
7857,VBM,16,5,31.25,,,,,,,,1,,4
7858,Election_Day,11,5,45.45,,,,,,,,1,,4
7858,VBM,11,1,9.09,,,,,,,,,,1
7859,Election_Day,12,1,8.33,,,,,,,,1,,
7859,VBM,12,4,33.33,,,1,,,,,1,,2
7861,Election_Day,8,3,37.5,,,,,,,1,,,2
7861,VBM,8,2,25,,1,,,,,,1,,
7862,Election_Day,14,0,0,,,,,,,,,,
7862,VBM,14,2,14.29,,,,,,,,1,,1
7863,Election_Day,14,5,35.71,,,,,,,,1,,4
7863,VBM,14,2,14.29,1,,,,,,,,,1
7864,Election_Day,8,2,25,,,,,,,,1,,1
7864,VBM,8,0,0,,,,,,,,,,
7865,Election_Day,7,1,14.29,,,,,,,,1,,
7865,VBM,7,3,42.86,,,,,,,,2,,1
7866,Election_Day,9,1,11.11,,,,,,,,,,1
7866,VBM,9,3,33.33,,,,1,,1,,,,1
7867,Election_Day,10,3,30,,1,,,1,,,,,1
7867,VBM,10,4,40,,1,,,,1,,,,2
7868,Election_Day,12,3,25,,,,1,,,,,,2
7868,VBM,12,4,33.33,,,1,,,,,2,,1
7869,Election_Day,9,5,55.56,1,2,,,,,,2,,
7869,VBM,9,4,44.44,,1,,,,,,,,3
7871,Election_Day,7,1,14.29,,,,,,,,,,1
7871,VBM,7,1,14.29,,,,,,,,,,1
7872,Election_Day,8,5,62.5,,,1,,,,,3,,1
7872,VBM,8,3,37.5,,,,,,,,1,,2
7873,Election_Day,15,4,26.67,,,,,,,,1,,3
7873,VBM,15,4,26.67,,,,1,,,,2,,1
7874,Election_Day,6,5,83.33,1,1,,,,,,2,,1
7874,VBM,6,1,16.67,,,,,,,,,,1
7875,Election_Day,7,3,42.86,,,,1,,,1,,,1
7875,VBM,7,2,28.57,,,,,,2,,,,
7901,Election_Day,15,1,6.67,,,,,,,,,,1
7901,VBM,15,1,6.67,,,,,,,,,,1
7902,Election_Day,15,5,33.33,1,1,,,,1,,2,,
7902,VBM,15,5,33.33,1,,,,,,,3,,1
7903,Election_Day,10,3,30,,,,,,,,1,,2
7903,VBM,10,3,30,1,,,,,,,2,,
7904,Election_Day,15,3,20,,,1,,,,,2,,
7904,VBM,15,3,20,1,,,,,,,1,,1
7905,Election_Day,15,4,26.67,,,1,,,,1,,,2
7905,VBM,15,4,26.67,,1,,,,,,,,3
7906,Election_Day,13,2,15.38,1,,,,,,,1,,
7906,VBM,13,6,46.15,1,,,,,,,4,,1
7907,Election_Day,18,1,5.56,,,,,,,,,,1
7907,VBM,18,3,16.67,,1,,,,,,1,,1
7908,Election_Day,8,2,25,,,,,,,,1,,1
7908,VBM,8,3,37.5,,,2,,,,,1,,
7909,Election_Day,7,4,57.14,,,,,,,,2,,2
7909,VBM,7,0,0,,,,,,,,,,
7911,Election_Day,11,3,27.27,,,,,,1,,1,,1
7911,VBM,11,4,36.36,,,,,,,,1,,3
7912,Election_Day,13,5,38.46,,,,,,1,,4,,
7912,VBM,13,2,15.38,,,,,,,,1,,1
7913,Election_Day,8,7,87.5,,,,,,1,,3,,3
7913,VBM,8,1,12.5,,,,,,1,,,,
7914,Election_Day,10,2,20,,,,,,,,,,2
7914,VBM,10,0,0,,,,,,,,,,
7915,Election_Day,8,1,12.5,,,,,,1,,,,
7915,VBM,8,2,25,,,,,,,,1,,1
7916,Election_Day,6,0,0,,,,,,,,,,
7916,VBM,6,2,33.33,,,,,,1,,1,,
7917,Election_Day,13,4,30.77,,,,,,,,2,,2
7917,VBM,13,2,15.38,,,,,,,,2,,
7918,Election_Day,10,5,50,1,,,,,,,2,,2
7918,VBM,10,1,10,,,,,,,,1,,
7919,Election_Day,7,1,14.29,,,,,,,,,,1
7919,VBM,7,2,28.57,,,,,1,,,,,1
7921,Election_Day,19,4,21.05,1,,,1,,,,,,2
7921,VBM,19,5,26.32,,,1,,,,,2,,2
7922,Election_Day,13,2,15.38,,,,,,,,1,,1
7922,VBM,13,1,7.69,,,,,,,,1,,
7923,Election_Day,9,3,33.33,,,,,,,,1,,2
7923,VBM,9,1,11.11,,,,,,,,1,,
7924,Election_Day,7,2,28.57,,,,,,,,1,,1
7924,VBM,7,3,42.86,,1,,,,,,1,,1
7925,Election_Day,4,3,75,,,,,,1,,1,,1
7925,VBM,4,1,25,,1,,,,,,,,
7926,Election_Day,13,2,15.38,1,,,,,,,,,1
7926,VBM,13,1,7.69,,,,,,,,1,,
7927,Election_Day,8,3,37.5,,,,,,,,,,3
7927,VBM,8,3,37.5,,,,,,,,2,,1
7928,Election_Day,12,3,25,,,,,,1,,,,2
7928,VBM,12,5,41.67,,,,,,,,4,,1
7929,Election_Day,8,2,25,,,,,,,,1,,1
7929,VBM,8,5,62.5,,2,,,,1,,,,2
7931,Election_Day,14,3,21.43,,,,,1,1,,1,,
7931,VBM,14,5,35.71,2,,,1,,,,2,,
7932,Election_Day,7,2,28.57,,,,,,,,2,,
7932,VBM,7,2,28.57,1,,,,,1,,,,
7933,Election_Day,0,0,0,,,,,,,,,,
7933,VBM,0,0,0,,,,,,,,,,
7934,Election_Day,4,1,25,,,,,,,,1,,
7934,VBM,4,2,50,1,,,,,,,1,,
7935,Election_Day,10,2,20,,,,,,,,1,,1
7935,VBM,10,4,40,,,,,,,,2,,2
7936,Election_Day,9,0,0,,,,,,,,,,
7936,VBM,9,5,55.56,,1,,,,,,2,,2
7937,Election_Day,8,1,12.5,,,,,,,,,,1
7937,VBM,8,2,25,,,,,,1,,,,1
7938,Election_Day,8,5,62.5,,,,,,,1,3,,1
7938,VBM,8,2,25,1,,,,,,,1,,
7939,Election_Day,3,1,33.33,,,,,,,,,,1
7939,VBM,3,1,33.33,,,,,,,,,,1
7941,Election_Day,6,2,33.33,,,,,,,,,,2
7941,VBM,6,0,0,,,,,,,,,,
7942,Election_Day,13,2,15.38,,,,,,,,,,2
7942,VBM,13,2,15.38,,,,,,,,1,,1
7943,Election_Day,11,1,9.09,,,,1,,,,,,
7943,VBM,11,5,45.45,1,,,,,,,2,,2
7944,Election_Day,13,3,23.08,,,,,,,,1,,2
7944,VBM,13,4,30.77,1,,,,,,,1,,2
7945,Election_Day,15,1,6.67,,,,,,,,1,,
7945,VBM,15,6,40,,,,,,1,,3,,2
7946,Election_Day,13,1,7.69,,,,,,,,,,1
7946,VBM,13,2,15.38,,,,,,,,,,2
7947,Election_Day,13,1,7.69,,,,,,,,,,1
7947,VBM,13,7,53.85,,,,,,1,,3,,3
7948,Election_Day,20,7,35,,,,1,1,,,1,1,3
7948,VBM,20,5,25,,,,,,,1,3,,1
7949,Election_Day,5,3,60,,,1,,,,,2,,
7949,VBM,5,1,20,,,,,,,,1,,
7951,Election_Day,10,2,20,,,,,,,,2,,
7951,VBM,10,5,50,,,1,,,,,3,,1
7952,Election_Day,12,0,0,,,,,,,,,,
7952,VBM,12,5,41.67,,,,,,1,,1,,3
7953,Election_Day,9,6,66.67,,2,,1,,,,,,3
7953,VBM,9,5,55.56,1,1,,,,1,,1,,1
7954,Election_Day,0,0,0,,,,,,,,,,
7954,VBM,0,0,0,,,,,,,,,,
7955,Election_Day,12,2,16.67,,,,,1,,,1,,
7955,VBM,12,5,41.67,,,,1,,1,,2,,1
7956,Election_Day,7,4,57.14,1,,,,,,,2,,1
7956,VBM,7,2,28.57,,,1,,,,,,,1
7957,Election_Day,8,2,25,,,1,,,,,,,1
7957,VBM,8,4,50,,,1,,,2,,,,1
7958,Election_Day,2,1,50,,,,,,,,1,,
7958,VBM,2,3,150,,,,,,,1,2,,
9001,Election_Day,2,0,0,,,,,,,,,,
9001,VBM,2,2,100,,,,,,1,,1,,
9101,Election_Day,14,2,14.29,,,,,1,,,,,1
9101,VBM,14,4,28.57,,,,,1,,,2,,1
9102,Election_Day,20,2,10,,1,,,,,,,,1
9102,VBM,20,5,25,,1,,,,,,3,,1
9103,Election_Day,3,0,0,,,,,,,,,,
9103,VBM,3,2,66.67,,,,,,1,,,,1
9104,Election_Day,24,2,8.33,,,,,,1,,,,1
9104,VBM,24,5,20.83,,,,,,,,4,,1
9105,Election_Day,18,2,11.11,,,,,,,,,,2
9105,VBM,18,4,22.22,,,,,,,,3,,1
9106,Election_Day,12,2,16.67,,,,,,,,1,,1
9106,VBM,12,5,41.67,1,,1,,,,1,1,,1
9107,Election_Day,13,3,23.08,,1,,,,1,,,,1
9107,VBM,13,3,23.08,,,,,,,,1,,2
9108,Election_Day,13,3,23.08,1,,,,,1,,,,1
9108,VBM,13,2,15.38,,1,1,,,,,,,
9109,Election_Day,7,1,14.29,,,,,,,,,,1
9109,VBM,7,1,14.29,,,,,,,,,,1
9111,Election_Day,12,3,25,,,,,,,,1,,2
9111,VBM,12,4,33.33,,,,,,,2,1,,1
9112,Election_Day,12,3,25,,1,,,,,1,1,,
9112,VBM,12,2,16.67,,,,,,,,1,,1
9113,Election_Day,11,8,72.73,,,2,,1,1,,2,,2
9113,VBM,11,4,36.36,,,,,,,1,,,3
9114,Election_Day,14,2,14.29,,,,,,,,2,,
9114,VBM,14,6,42.86,,,,,,1,,2,,3
9115,Election_Day,16,5,31.25,,,,,,,1,2,,2
9115,VBM,16,5,31.25,,,,1,1,,1,1,,1
9116,Election_Day,13,1,7.69,,,,,,,,,,1
9116,VBM,13,4,30.77,,,,,,,1,3,,
9117,Election_Day,15,7,46.67,1,,,,,,,3,,3
9117,VBM,15,3,20,,,,,,1,,2,,
9118,Election_Day,16,6,37.5,,,,,,1,,2,,3
9118,VBM,16,3,18.75,,1,,,1,,,,,1
9119,Election_Day,13,1,7.69,,,,,,,,,,1
9119,VBM,13,5,38.46,2,,,,,,1,2,,
9121,Election_Day,12,2,16.67,,,,,,,,,,2
9121,VBM,12,4,33.33,,,,1,,,,1,,2
9122,Election_Day,12,4,33.33,,,,,,,,,,4
9122,VBM,12,3,25,1,,,,,,,,,2
9123,Election_Day,10,5,50,,,,,2,,,,,3
9123,VBM,10,2,20,,,,,,,,1,,1
9124,Election_Day,16,3,18.75,1,,1,,,1,,,,
9124,VBM,16,1,6.25,,,1,,,,,,,
9125,Election_Day,15,3,20,1,,,,,,,,,2
9125,VBM,15,1,6.67,,,,,,,,1,,
9126,Election_Day,20,3,15,,,,,,,,,,3
9126,VBM,20,3,15,,1,,,,,,1,,1
9127,Election_Day,10,2,20,,,,,,,,,,2
9127,VBM,10,2,20,,1,,,,,,,,1
9128,Election_Day,19,4,21.05,,1,,,,1,,1,,1
9128,VBM,19,3,15.79,,,,,,,,1,,2
9129,Election_Day,8,2,25,,,,,,,,,,2
9129,VBM,8,5,62.5,,,,,,2,,1,,2
9131,Election_Day,10,0,0,,,,,,,,,,
9131,VBM,10,3,30,1,,,,,,,2,,
9132,Election_Day,18,2,11.11,,,1,,,,,,,1
9132,VBM,18,2,11.11,,,,,,1,,1,,
9133,Election_Day,19,3,15.79,1,,,,,,,,,2
9133,VBM,19,9,47.37,,,1,,1,,,2,,5
9134,Election_Day,13,2,15.38,,,,,,,,,,2
9134,VBM,13,5,38.46,,,,,1,1,,1,,2
9135,Election_Day,18,3,16.67,,,,,,,,1,,2
9135,VBM,18,8,44.44,,1,,,2,,,5,,
9136,Election_Day,14,2,14.29,,,,,,,,,,2
9136,VBM,14,8,57.14,1,1,,,,,,2,,4
9137,Election_Day,15,2,13.33,,,,,,,1,,,1
9137,VBM,15,5,33.33,,,,,1,,,4,,
9138,Election_Day,10,1,10,,,,,,,,,,1
9138,VBM,10,2,20,,,,,,,,1,,1
9139,Election_Day,21,4,19.05,1,,1,,,1,,,,1
9139,VBM,21,10,47.62,,,,,2,2,,4,,2
9141,Election_Day,16,3,18.75,,,,,,,,1,,2
9141,VBM,16,4,25,,,2,,,,,1,,1
9142,Election_Day,13,2,15.38,,,,,,,,,,2
9142,VBM,13,6,46.15,,,,,,1,,3,,2
9143,Election_Day,17,3,17.65,,1,,,,,,1,,1
9143,VBM,17,4,23.53,,,,,,,,1,,3
9144,Election_Day,20,3,15,,1,,,1,,,,,1
9144,VBM,20,1,5,,,,,1,,,,,
9145,Election_Day,14,3,21.43,,,,,,,,,,3
9145,VBM,14,8,57.14,1,,,,3,1,,,,3
9146,Election_Day,14,3,21.43,,,,,,,1,,,2
9146,VBM,14,3,21.43,,,,,1,,,1,,1
9147,Election_Day,16,3,18.75,,,,,,,,,,3
9147,VBM,16,2,12.5,,,,,,,,2,,
9148,Election_Day,12,5,41.67,1,,,,,,,2,,2
9148,VBM,12,3,25,,,,,,1,,1,,1
9149,Election_Day,6,2,33.33,,,,,,1,,,,1
9149,VBM,6,4,66.67,,,,,,,,4,,
9151,Election_Day,18,1,5.56,,,,,,,,,,1
9151,VBM,18,7,38.89,,,,,1,1,,4,,1
9152,Election_Day,15,0,0,,,,,,,,,,
9152,VBM,15,1,6.67,,,,,,,,1,,
9201,Election_Day,21,7,33.33,,,,,,,,3,,4
9201,VBM,21,5,23.81,,,,,,,,1,,4
9202,Election_Day,17,6,35.29,,1,,,,,,1,,4
9202,VBM,17,4,23.53,,,1,,,,,1,,2
9203,Election_Day,23,3,13.04,,2,,,,,,,,1
9203,VBM,23,7,30.43,,,,,,,,2,,5
9204,Election_Day,20,2,10,,,,,,,,,,2
9204,VBM,20,5,25,,,,,,,,1,,4
9205,Election_Day,24,2,8.33,,,,,1,,,1,,
9205,VBM,24,11,45.83,,1,,,1,1,,2,,6
9206,Election_Day,20,1,5,,,,,,,,,,1
9206,VBM,20,5,25,,,,,,1,,1,,3
9207,Election_Day,24,4,16.67,,,,,,,,1,,3
9207,VBM,24,2,8.33,,,,,,,,1,,1
9208,Election_Day,26,2,7.69,,,,,1,,,,,1
9208,VBM,26,4,15.38,,,,,1,,,1,,2
9209,Election_Day,16,4,25,,,,,1,,,1,,2
9209,VBM,16,3,18.75,,,,,,,,2,,1
9211,Election_Day,18,2,11.11,,,,,,,,1,,1
9211,VBM,18,1,5.56,,,,,,,,,,1
9212,Election_Day,17,4,23.53,,,,,2,,,1,,1
9212,VBM,17,4,23.53,,1,,,1,,,1,,1
9213,Election_Day,15,5,33.33,,,,1,,,,1,,3
9213,VBM,15,1,6.67,,,,,,,,,,1
9214,Election_Day,17,0,0,,,,,,,,,,
9214,VBM,17,2,11.76,,,,,,,,2,,
9215,Election_Day,14,5,35.71,,,,1,,,,3,,1
9215,VBM,14,3,21.43,,,,,,,,,,3
9216,Election_Day,24,4,16.67,,,,,,1,,,,3
9216,VBM,24,3,12.5,,,,,,,,,,3
9217,Election_Day,22,4,18.18,,,,,,,,,,4
9217,VBM,22,3,13.64,,,,,,,,1,,2
9218,Election_Day,19,3,15.79,,,,,,,,2,,1
9218,VBM,19,6,31.58,,,,,,,,4,,2
9219,Election_Day,25,5,20,,,,,,,,2,,3
9219,VBM,25,5,20,,,2,,,,,1,,2
9221,Election_Day,14,2,14.29,,,,,,,,1,,1
9221,VBM,14,5,35.71,1,,,,,,,2,,2
9222,Election_Day,23,2,8.7,,,1,,,,,1,,
9222,VBM,23,8,34.78,,,,,,,,4,,4
9223,Election_Day,19,3,15.79,,,,,,,,1,,2
9223,VBM,19,5,26.32,1,,,,,,,2,,2
9224,Election_Day,18,3,16.67,,,,,,,,,,3
9224,VBM,18,2,11.11,,,,,,,,1,,1
9225,Election_Day,31,3,9.68,,,,,,,,1,,2
9225,VBM,31,6,19.35,,1,,,1,,,,,4
9226,Election_Day,23,2,8.7,,,,,,,,,,2
9226,VBM,23,4,17.39,,,,,,,,3,,1
9227,Election_Day,13,2,15.38,,,,,,,1,,,1
9227,VBM,13,4,30.77,,,,,,,,2,,2
9228,Election_Day,8,2,25,,,,,,,,1,,1
9228,VBM,8,2,25,,,,,,,,,,2
9229,Election_Day,18,4,22.22,,1,,,,,,1,,2
9229,VBM,18,5,27.78,,,,,,,,2,,3
9231,Election_Day,16,2,12.5,1,,,,1,,,,,
9231,VBM,16,4,25,,,,,,,,,,4
9232,Election_Day,11,3,27.27,,1,,,,,,,,2
9232,VBM,11,8,72.73,,,,,1,,,1,,6
9233,Election_Day,19,4,21.05,,,,,,,,1,,3
9233,VBM,19,6,31.58,,,,,,,,3,,3
9234,Election_Day,22,2,9.09,,,,,,,,,,2
9234,VBM,22,8,36.36,,,,,,,,6,,2
9235,Election_Day,17,4,23.53,1,1,,,,,,,,2
9235,VBM,17,2,11.76,,,,,,,,,,2
9236,Election_Day,12,1,8.33,,,,,,,,,,1
9236,VBM,12,1,8.33,,,,,,,,1,,
9237,Election_Day,11,1,9.09,,,,,,,,,,1
9237,VBM,11,4,36.36,,,,,,,,1,,3
9238,Election_Day,24,2,8.33,,,,,1,,,,,1
9238,VBM,24,3,12.5,,,,,,,,1,,2
9239,Election_Day,18,5,27.78,,,,,,,,2,,3
9239,VBM,18,3,16.67,,,,,,,,2,,1
9241,Election_Day,23,3,13.04,,,,1,,,,,,2
9241,VBM,23,5,21.74,,,,,,,,2,,3
9242,Election_Day,12,2,16.67,,,,,,,,,,2
9242,VBM,12,4,33.33,1,,,,,,,2,,1
9243,Election_Day,7,1,14.29,,,,,,,,1,,
9243,VBM,7,2,28.57,,,,,,,,2,,
9244,Election_Day,16,5,31.25,,,,,,,,2,,3
9244,VBM,16,4,25,,,,,,,,1,,3
9245,Election_Day,18,5,27.78,1,,,,,,,1,,3
9245,VBM,18,3,16.67,,,,,,,,1,,2
9246,Election_Day,21,0,0,,,,,,,,,,
9246,VBM,21,7,33.33,,,,,,,,2,,5
9247,Election_Day,20,3,15,,,,,,,,1,,2
9247,VBM,20,4,20,,,,,,,,1,,3
9248,Election_Day,17,6,35.29,,,,1,1,,,1,,3
9248,VBM,17,5,29.41,,,,,,,,,,5
9249,Election_Day,18,3,16.67,,,,,,,,2,,1
9249,VBM,18,5,27.78,,,,,,1,,3,,1
9251,Election_Day,20,1,5,,,,,,,,,,1
9251,VBM,20,4,20,,,,,,,,2,,2
9252,Election_Day,15,1,6.67,1,,,,,,,,,
9252,VBM,15,6,40,,1,,,,,,2,1,2
9253,Election_Day,19,3,15.79,,,,,,,,,1,2
9253,VBM,19,7,36.84,1,,,,1,,,1,,4
9254,Election_Day,17,3,17.65,,,,,,,,2,,1
9254,VBM,17,5,29.41,,,,,,,,3,,2
9255,Election_Day,10,1,10,,,,,,1,,,,
9255,VBM,10,2,20,,,,,2,,,,,
9256,Election_Day,12,3,25,,1,,,1,,,,,1
9256,VBM,12,2,16.67,,,,,,,,1,,1
9257,Election_Day,5,1,20,,,,,,,,,,1
9257,VBM,5,0,0,,,,,,,,,,
9258,Election_Day,11,1,9.09,,,,,,,,,,1
9258,VBM,11,5,45.45,,1,1,,1,,,,,2
9401,Election_Day,18,1,5.56,,,,,,,,,,1
9401,VBM,18,4,22.22,,,,,,,,,,4
9402,Election_Day,18,2,11.11,,,,,,,,,,2
9402,VBM,18,2,11.11,,,1,,,,,,,1
9403,Election_Day,17,2,11.76,,,,,,,,1,,1
9403,VBM,17,4,23.53,,1,,,1,,,2,,
9404,Election_Day,9,1,11.11,,,,,,,,1,,
9404,VBM,9,3,33.33,,,1,,,,,1,,1
9405,Election_Day,15,2,13.33,,,,,,1,,1,,
9405,VBM,15,7,46.67,,,,,,,,2,,5
9406,Election_Day,7,3,42.86,,,,,,,,1,,2
9406,VBM,7,1,14.29,,,,,,,,,,1
9407,Election_Day,16,6,37.5,,1,,,1,,,,,4
9407,VBM,16,5,31.25,,,,,1,,,3,,1
9408,Election_Day,12,4,33.33,,,,,,1,,1,,2
9408,VBM,12,1,8.33,,1,,,,,,,,
9409,Election_Day,8,0,0,,,,,,,,,,
9409,VBM,8,4,50,,,,,,1,,2,,1
9411,Election_Day,15,3,20,,,,,,1,,1,,1
9411,VBM,15,3,20,,,,,,,,3,,
9412,Election_Day,16,5,31.25,1,,,,,2,,,,2
9412,VBM,16,4,25,,,,,,,,1,,3
9413,Election_Day,13,1,7.69,,,,1,,,,,,
9413,VBM,13,3,23.08,,,,,,,1,,,2
9414,Election_Day,14,2,14.29,,,,1,,,,,,1
9414,VBM,14,8,57.14,2,,1,,,,1,3,,1
9415,Election_Day,9,1,11.11,,,,,,,,,,1
9415,VBM,9,3,33.33,1,,,,,,,1,,1
9416,Election_Day,17,2,11.76,,,,,,,,1,,1
9416,VBM,17,2,11.76,,,,,,,,,,2
9417,Election_Day,21,5,23.81,1,,,,,,,2,,2
9417,VBM,21,6,28.57,,1,,,1,,,2,,2
9418,Election_Day,10,2,20,,,,,1,,,,,1
9418,VBM,10,5,50,,,,1,,,,,,4
9419,Election_Day,11,0,0,,,,,,,,,,
9419,VBM,11,3,27.27,1,1,,,,1,,,,
9421,Election_Day,14,2,14.29,,1,,,,,,1,,
9421,VBM,14,3,21.43,,,,,,,,2,,1
9422,Election_Day,22,5,22.73,,,,2,,,,,,3
9422,VBM,22,10,45.45,,,,,,,2,3,,5
9423,Election_Day,19,4,21.05,,,,,,,,1,,3
9423,VBM,19,7,36.84,,,,,,,,3,,4
9424,Election_Day,17,5,29.41,,,,,,,,3,,2
9424,VBM,17,4,23.53,,1,1,,,1,,,,1
9425,Election_Day,10,2,20,,,,,,1,,,,1
9425,VBM,10,3,30,,,,,,,,,,3
9426,Election_Day,14,1,7.14,,,,,,,,,,1
9426,VBM,14,5,35.71,1,1,,1,,,,1,,1
9427,Election_Day,9,4,44.44,,,,,,,,1,,3
9427,VBM,9,1,11.11,,,,,,,,,,1
9428,Election_Day,24,8,33.33,,,,1,,1,1,1,,4
9428,VBM,24,8,33.33,1,1,,,,1,,1,,4
9429,Election_Day,6,2,33.33,,,1,,,,,,,1
9429,VBM,6,4,66.67,,,,,,,,1,,3
9431,Election_Day,21,7,33.33,,1,,,,3,1,1,,1
9431,VBM,21,5,23.81,,1,,,,,,,,4
9432,Election_Day,12,2,16.67,,,,,,,,1,,1
9432,VBM,12,3,25,,,,,,,,1,,2
9433,Election_Day,24,8,33.33,,,,,,1,,4,,3
9433,VBM,24,8,33.33,,,,,1,,,3,,4
9434,Election_Day,12,3,25,,,,,,,,1,,2
9434,VBM,12,7,58.33,,,,,,,,7,,
9435,Election_Day,13,2,15.38,,,,1,,,,1,,
9435,VBM,13,4,30.77,,1,,,1,,,1,,1
9436,Election_Day,15,2,13.33,,,1,1,,,,,,
9436,VBM,15,2,13.33,,,,,,,,,,2
9437,Election_Day,7,1,14.29,,,,,,,,,,1
9437,VBM,7,2,28.57,,1,1,,,,,,,
9438,Election_Day,14,0,0,,,,,,,,,,
9438,VBM,14,3,21.43,1,,,,,,,,,2
9439,Election_Day,9,2,22.22,1,,,,,,,,,1
9439,VBM,9,3,33.33,,,,,,,,,,3
9441,Election_Day,11,2,18.18,,1,,,,,,,,1
9441,VBM,11,3,27.27,,,,,,,,2,,1
9442,Election_Day,22,6,27.27,,,1,,1,,,1,,3
9442,VBM,22,5,22.73,,,,,,1,,2,,2
9443,Election_Day,18,6,33.33,1,,,,,,,3,,2
9443,VBM,18,4,22.22,,,,,1,,,2,,1
9444,Election_Day,17,4,23.53,,1,,1,,,,,,2
9444,VBM,17,5,29.41,,,,,,,1,3,,1
9445,Election_Day,14,4,28.57,,,,,2,,1,1,,
9445,VBM,14,5,35.71,,,,,,,1,2,,2
9446,Election_Day,17,3,17.65,,,,,,,,1,,2
9446,VBM,17,4,23.53,,,,,,,,1,,3
9447,Election_Day,14,1,7.14,,,,,1,,,,,
9447,VBM,14,5,35.71,,,,,,,,,,5
9448,Election_Day,11,4,36.36,,,,,,1,,2,,1
9448,VBM,11,3,27.27,,,,,,,,2,,1
9449,Election_Day,9,0,0,,,,,,,,,,
9449,VBM,9,4,44.44,1,,,,2,,,1,,
9451,Election_Day,4,1,25,,,,,,,,,,1
9451,VBM,4,3,75,,,,,,,,3,,
9452,Election_Day,16,2,12.5,,,,,,,,,,2
9452,VBM,16,3,18.75,,,,,,,,,,3
9453,Election_Day,6,3,50,,,,,1,,,1,1,
9453,VBM,6,6,100,,1,1,,,,,2,,2
9501,Election_Day,5,0,0,,,,,,,,,,
9501,VBM,5,1,20,,1,,,,,,,,
9502,Election_Day,5,0,0,,,,,,,,,,
9502,VBM,5,2,40,,,,,,,,1,,1
9503/9504,Election_Day,11,0,0,,,,,,,,,,
9503/9504,VBM,11,3,27.27,,1,,1,,,,,,1
9505,Election_Day,9,3,33.33,,1,,,,,,,,2
9505,VBM,9,1,11.11,,,,,,,,1,,
9506,Election_Day,13,3,23.08,,,,,1,,,1,,1
9506,VBM,13,5,38.46,,,,,,,,2,,3
9507,Election_Day,21,4,19.05,,1,,,,,,,,3
9507,VBM,21,1,4.76,,,,,,,,1,,
9508,Election_Day,17,4,23.53,,,,,,,,2,,2
9508,VBM,17,3,17.65,,,,1,,,,1,,1
9509,Election_Day,14,0,0,,,,,,,,,,
9509,VBM,14,3,21.43,,1,,,,,,,,2
9511,Election_Day,12,4,33.33,,,,,,,,2,,2
9511,VBM,12,1,8.33,,1,,,,,,,,
9512,Election_Day,13,3,23.08,,,1,,,,,1,,1
9512,VBM,13,1,7.69,,,,,,,,1,,
9513,Election_Day,14,3,21.43,,,,,,1,,,,2
9513,VBM,14,2,14.29,,,,,,1,,,,1
9514/9522,Election_Day,20,6,30,,,,,,,,3,,3
9514/9522,VBM,20,4,20,,,,1,,1,,,,2
9515,Election_Day,12,2,16.67,,,,,,,,1,,1
9515,VBM,12,5,41.67,,1,1,,1,,,1,,1
9516,Election_Day,23,4,17.39,1,,,1,,,,,,2
9516,VBM,23,8,34.78,,,1,,,,,3,,4
9517,Election_Day,7,4,57.14,,,,,,,,2,,2
9517,VBM,7,1,14.29,,,,,,,,,,1
9518,Election_Day,12,2,16.67,,,,,,,,1,,1
9518,VBM,12,1,8.33,,,,,,,,1,,
9519,Election_Day,18,3,16.67,,,,,,,,,,3
9519,VBM,18,2,11.11,,,,,1,,,1,,
9521,Election_Day,9,3,33.33,,1,,,,,,,,2
9521,VBM,9,0,0,,,,,,,,,,
9701,Election_Day,12,1,8.33,,,,,,,,,,1
9701,VBM,12,2,16.67,,,,,,,,,,2
9702,Election_Day,8,2,25,,,,,,,,2,,
9702,VBM,8,5,62.5,,,,,,1,,1,,3
9703,Election_Day,16,0,0,,,,,,,,,,
9703,VBM,16,5,31.25,,2,,,,,,2,,1
9704,Election_Day,12,8,66.67,,,,,,,1,3,,4
9704,VBM,12,1,8.33,,,,,,,,,,1
9705,Election_Day,15,1,6.67,,,,,1,,,,,
9705,VBM,15,3,20,,,,,,,,1,,2
9706,Election_Day,1,0,0,,,,,,,,,,
9706,VBM,1,0,0,,,,,,,,,,
9707,Election_Day,15,0,0,,,,,,,,,,
9707,VBM,15,6,40,,,,,,3,,1,,2
9708,Election_Day,8,4,50,,,,,,1,,1,,2
9708,VBM,8,3,37.5,,,,,,,,2,,1
9709,Election_Day,7,6,85.71,,,,,1,,,2,,3
9709,VBM,7,6,85.71,,,,,,,,3,,3
9711,Election_Day,11,2,18.18,,,,,,,,1,,1
9711,VBM,11,7,63.64,,1,,,,,,3,,3
9712,Election_Day,7,1,14.29,,,,,,,,1,,
9712,VBM,7,4,57.14,,,,1,,,,1,,2
9713,Election_Day,18,3,16.67,,,,,,,,,,3
9713,VBM,18,7,38.89,,,,,2,,,2,1,2
9714,Election_Day,12,5,41.67,,1,1,,,,,2,,1
9714,VBM,12,4,33.33,,,,,,,2,,,2
9715,Election_Day,6,2,33.33,,,,,,,,,,2
9715,VBM,6,0,0,,,,,,,,,,
9716,Election_Day,15,2,13.33,,1,,,,1,,,,
9716,VBM,15,7,46.67,,1,,,,,,1,,5
9717,Election_Day,18,5,27.78,,,,,,,,3,,2
9717,VBM,18,5,27.78,,,,,,,,1,,4
9718,Election_Day,17,4,23.53,1,,,,,,1,1,,1
9718,VBM,17,4,23.53,,,,,,,1,1,,2
9719,Election_Day,27,4,14.81,,,,1,,,,1,,2
9719,VBM,27,11,40.74,,,,1,,,,4,,6
9721,Election_Day,6,0,0,,,,,,,,,,
9721,VBM,6,2,33.33,,,,,,,,1,,1
9722,Election_Day,15,2,13.33,,,,,,1,,1,,
9722,VBM,15,11,73.33,,,,,,,,2,,9
9723,Election_Day,14,3,21.43,,1,,,,1,,1,,
9723,VBM,14,6,42.86,,,2,,,,,,,4
9724,Election_Day,14,5,35.71,,1,,,,,,,,4
9724,VBM,14,8,57.14,,,1,,,,,5,,2
9725,Election_Day,23,1,4.35,1,,,,,,,,,
9725,VBM,23,10,43.48,,,,,,,,2,,8
9726,Election_Day,11,3,27.27,,,,,,,,1,,2
9726,VBM,11,3,27.27,,,1,,,,,1,,1
9727,Election_Day,6,1,16.67,,,,,,,,,,1
9727,VBM,6,5,83.33,,,,,,,,1,,4
9728,Election_Day,19,5,26.32,,,,,,,,1,,4
9728,VBM,19,10,52.63,,,,1,,,,2,,7
9729,Election_Day,13,1,7.69,,,,,,,,1,,
9729,VBM,13,5,38.46,,,,,,,,2,,3
9731,Election_Day,9,3,33.33,,,,,,,,,,3
9731,VBM,9,5,55.56,,,,,,,,1,,4
9732,Election_Day,1,0,0,,,,,,,,,,
9732,VBM,1,0,0,,,,,,,,,,
9733,Election_Day,2,0,0,,,,,,,,,,
9733,VBM,2,2,100,,,,,,,1,1,,
9734,Election_Day,7,1,14.29,,,,,,,,1,,
9734,VBM,7,3,42.86,,,,,,,,1,,2
9735,Election_Day,13,5,38.46,,,,1,,1,,1,,2
9735,VBM,13,5,38.46,,,,,,,,2,,3
9736,Election_Day,11,3,27.27,,,,,,,,,,3
9736,VBM,11,3,27.27,1,,,,,,,2,,
9737,Election_Day,13,2,15.38,,,,,,,,,,2
9737,VBM,13,4,30.77,,,,,,,,,,4
9738,Election_Day,21,6,28.57,,,,,,1,1,1,,3
9738,VBM,21,9,42.86,,1,,,,,1,6,,1
9739,Election_Day,17,2,11.76,,,,,,,,1,,1
9739,VBM,17,1,5.88,1,,,,,,,,,
9741,Election_Day,26,0,0,,,,,,,,,,
9741,VBM,26,1,3.85,,,,,,,,,,1
9742,Election_Day,7,3,42.86,,,,,,,,1,,2
9742,VBM,7,7,100,,,1,,,,,1,,5
9743,Election_Day,24,8,33.33,,1,,,,,2,,,5
9743,VBM,24,9,37.5,,,,,,,,3,,6
9744,Election_Day,8,1,12.5,,,,1,,,,,,
9744,VBM,8,1,12.5,,,,,,,,1,,
9745,Election_Day,24,5,20.83,,,,,,,,2,,3
9745,VBM,24,2,8.33,,,1,,1,,,,,
9746,Election_Day,10,4,40,2,1,,,,1,,,,
9746,VBM,10,8,80,,1,,,,,,3,,4
9747,Election_Day,12,1,8.33,,,,,,,,,,1
9747,VBM,12,6,50,,,1,,,,,3,,2
9748,Election_Day,12,6,50,,1,,,,,,1,,4
9748,VBM,12,7,58.33,,,,1,,,,3,,3
9749,Election_Day,25,3,12,,,,,1,,1,,,1
9749,VBM,25,2,8,,,,,,,,2,,
9751,Election_Day,13,2,15.38,,,,,,,,,,2
9751,VBM,13,8,61.54,1,,,1,,1,,1,,4
9752,Election_Day,6,1,16.67,,,,,,,,1,,
9752,VBM,6,5,83.33,1,1,,1,,1,,,,1
9753,Election_Day,11,1,9.09,,,,,,,,,,1
9753,VBM,11,5,45.45,,,,,2,,,2,,1
9754,Election_Day,15,2,13.33,,,,,,,,,,2
9754,VBM,15,5,33.33,,,,,,,,2,,3
9755,Election_Day,6,0,0,,,,,,,,,,
9755,VBM,6,2,33.33,,,,,,,,1,,1
9756,Election_Day,10,1,10,,,,,,,,,,1
9756,VBM,10,2,20,,,,,1,,,1,,
9801,Election_Day,7,1,14.29,,,,,,,,,,1
9801,VBM,7,3,42.86,,,1,,,,,,,2
9900,Election_Day,0,0,0,,,,,,,,,,
9900,VBM,0,0,0,,,,,,,,,,
9901,Election_Day,0,0,0,,,,,,,,,,
9901,VBM,0,0,0,,,,,,,,,,
9902,Election_Day,0,0,0,,,,,,,,,,
9902,VBM,0,0,0,,,,,,,,,,
