precinct,ballot_type,registered_voters,ballots_cast,turnout,DONALD_TRUMP,BEN_CARSON,TED_CRUZ,JOHN_KASICH,JIM_GILMORE,WRITE_IN,over_votes,under_votes
1101,Election_Day,33,3,9.09,1,,1,1,,,,
1101,VBM,33,8,24.24,7,,,1,,,,
1102,Election_Day,56,11,19.64,6,,2,2,,1,,
1102,VBM,56,23,41.07,14,1,3,2,,1,,2
1103,Election_Day,74,10,13.51,4,1,1,2,,,,2
1103,VBM,74,28,37.84,13,2,5,6,,,,2
1106,Election_Day,58,10,17.24,5,,1,3,,,,1
1106,VBM,58,16,27.59,10,,2,4,,,,
1107,Election_Day,42,5,11.9,3,,,1,,,,1
1107,VBM,42,12,28.57,5,,3,4,,,,
1108,Election_Day,33,6,18.18,2,,,2,,,,2
1108,VBM,33,8,24.24,3,,1,1,,2,,1
1109,Election_Day,38,4,10.53,2,,1,,,,,1
1109,VBM,38,21,55.26,14,,3,1,1,,,2
1111,Election_Day,56,9,16.07,2,,1,,,2,,4
1111,VBM,56,20,35.71,16,,2,2,,,,
1112,Election_Day,21,5,23.81,1,3,,,1,,,
1112,VBM,21,7,33.33,2,,2,1,,1,,1
1113,Election_Day,62,7,11.29,7,,,,,,,
1113,VBM,62,21,33.87,12,1,2,3,1,,,2
1114,Election_Day,66,11,16.67,6,,,,1,1,,3
1114,VBM,66,19,28.79,14,1,1,,,,,3
1115,Election_Day,36,4,11.11,,2,,,,,,2
1115,VBM,36,9,25,4,,1,3,,,,1
1116,Election_Day,55,5,9.09,4,,1,,,,,
1116,VBM,55,17,30.91,9,,4,1,,,,3
1117,Election_Day,44,6,13.64,3,1,1,,1,,,
1117,VBM,44,10,22.73,7,1,,1,,,,1
1118,Election_Day,30,5,16.67,2,,1,,,1,,1
1118,VBM,30,4,13.33,3,,,,,1,,
1119,Election_Day,38,5,13.16,3,,,,,1,,1
1119,VBM,38,9,23.68,6,1,,,,1,,1
1121,Election_Day,53,7,13.21,5,,1,,1,,,
1121,VBM,53,18,33.96,8,,1,3,,,,6
1122,Election_Day,47,1,2.13,,,,,,,,1
1122,VBM,47,19,40.43,11,,,3,,,,5
1123,Election_Day,42,1,2.38,,,,1,,,,
1123,VBM,42,12,28.57,7,1,1,1,,2,,
1124,Election_Day,39,9,23.08,3,1,1,1,1,,,2
1124,VBM,39,13,33.33,9,,,2,1,,,1
1125,Election_Day,64,5,7.81,1,,3,,,1,,
1125,VBM,64,16,25,12,,,4,,,,
1126,Election_Day,49,5,10.2,4,,,,1,,,
1126,VBM,49,11,22.45,5,2,,1,,1,,2
1127,Election_Day,84,21,25,12,,5,,,1,,3
1127,VBM,84,25,29.76,17,1,1,2,,2,,2
1128,Election_Day,60,4,6.67,2,1,1,,,,,
1128,VBM,60,21,35,11,,4,1,,3,1,1
1129,Election_Day,65,5,7.69,5,,,,,,,
1129,VBM,65,17,26.15,10,,5,,,1,,1
1131,Election_Day,64,6,9.38,2,1,,2,,,,1
1131,VBM,64,25,39.06,16,1,1,3,,1,,3
1132,Election_Day,69,1,1.45,,1,,,,,,
1132,VBM,69,38,55.07,25,4,6,,,2,,1
1133,Election_Day,58,8,13.79,3,,,1,,2,,2
1133,VBM,58,19,32.76,12,1,,3,,2,,1
1134,Election_Day,51,4,7.84,3,,,,1,,,
1134,VBM,51,19,37.25,12,1,3,,,1,,2
1135,Election_Day,46,6,13.04,1,,1,1,1,2,,
1135,VBM,46,15,32.61,9,,3,1,,2,,
1136,Election_Day,75,7,9.33,4,,1,,,2,,
1136,VBM,75,34,45.33,26,,2,3,,3,,
1141,Election_Day,55,13,23.64,12,,,,,1,,
1141,VBM,55,16,29.09,6,1,5,3,,1,,
1142,Election_Day,48,6,12.5,2,,1,1,,1,,1
1142,VBM,48,15,31.25,9,,1,2,1,1,,1
1143,Election_Day,49,3,6.12,2,,,1,,,,
1143,VBM,49,11,22.45,8,1,,1,,1,,
1144,Election_Day,46,12,26.09,8,,,4,,,,
1144,VBM,46,17,36.96,13,,1,,,1,,2
1145,Election_Day,44,6,13.64,3,,,1,,,,2
1145,VBM,44,17,38.64,9,,3,3,,,,2
1146,Election_Day,72,12,16.67,4,1,1,,,4,,2
1146,VBM,72,19,26.39,13,,4,1,,1,,
1147,Election_Day,55,8,14.55,3,,1,2,,1,,1
1147,VBM,55,19,34.55,9,,3,3,,1,,3
1148,Election_Day,66,13,19.7,5,1,2,2,,,,3
1148,VBM,66,20,30.3,14,1,1,1,,1,,2
1149,Election_Day,50,4,8,1,,1,,,,,2
1149,VBM,50,21,42,11,,2,3,1,4,,
1151,Election_Day,0,0,0,,,,,,,,
1151,VBM,0,0,0,,,,,,,,
1152,Election_Day,58,8,13.79,7,,,1,,,,
1152,VBM,58,22,37.93,13,1,5,2,,1,,
1153,Election_Day,68,15,22.06,9,1,1,1,,1,,2
1153,VBM,68,26,38.24,19,,2,1,,1,,3
1154,Election_Day,0,0,0,,,,,,,,
1154,VBM,0,0,0,,,,,,,,
7001,Election_Day,29,3,10.34,,,,2,,,,1
7001,VBM,29,5,17.24,3,,1,,,1,,
7002,Election_Day,49,6,12.24,1,,,2,,1,,2
7002,VBM,49,14,28.57,8,,,3,,2,,1
7003,Election_Day,64,9,14.06,6,,1,1,,,,1
7003,VBM,64,25,39.06,15,,,6,,2,,2
7004,Election_Day,45,7,15.56,4,1,,2,,,,
7004,VBM,45,18,40,8,2,2,2,1,3,,
7005,Election_Day,51,10,19.61,1,1,2,3,,,,3
7005,VBM,51,14,27.45,5,,3,2,,1,,3
7006,Election_Day,38,7,18.42,4,,,2,,,,1
7006,VBM,38,10,26.32,3,,3,2,,2,,
7007,Election_Day,45,4,8.89,1,,1,1,1,,,
7007,VBM,45,19,42.22,10,1,1,4,,3,,
7008,Election_Day,59,11,18.64,2,,1,4,,1,,3
7008,VBM,59,25,42.37,14,,,9,,1,,1
7009,Election_Day,35,7,20,5,,,,,,,2
7009,VBM,35,5,14.29,2,,1,2,,,,
7011,Election_Day,32,5,15.63,1,,,2,1,,,1
7011,VBM,32,8,25,2,,1,2,1,1,,1
7012,Election_Day,61,9,14.75,7,,,2,,,,
7012,VBM,61,23,37.7,9,1,4,9,,,,
7013,Election_Day,34,5,14.71,4,,,1,,,,
7013,VBM,34,11,32.35,3,,2,5,,1,,
7014,Election_Day,38,4,10.53,1,,,2,,1,,
7014,VBM,38,7,18.42,2,,,4,,,,1
7015,Election_Day,8,0,0,,,,,,,,
7015,VBM,8,6,75,2,,,,,3,,1
7016,Election_Day,44,0,0,,,,,,,,
7016,VBM,44,11,25,7,,1,,,,,3
7017,Election_Day,27,1,3.7,,,,,,,,1
7017,VBM,27,7,25.93,4,,1,2,,,,
7018,Election_Day,35,3,8.57,3,,,,,,,
7018,VBM,35,14,40,10,,1,,1,,,2
7019,Election_Day,41,3,7.32,1,,1,,,,,1
7019,VBM,41,15,36.59,7,,2,5,,1,,
7021,Election_Day,34,0,0,,,,,,,,
7021,VBM,34,14,41.18,9,,1,,,1,,3
7022,Election_Day,33,1,3.03,,,1,,,,,
7022,VBM,33,8,24.24,2,,,3,,3,,
7023,Election_Day,37,2,5.41,,,1,,,,,1
7023,VBM,37,10,27.03,5,,2,1,,2,,
7024,Election_Day,12,2,16.67,,,1,,,,,1
7024,VBM,12,0,0,,,,,,,,
7025,Election_Day,20,0,0,,,,,,,,
7025,VBM,20,2,10,,,,1,,1,,
7026,Election_Day,50,2,4,1,,1,,,,,
7026,VBM,50,18,36,15,1,1,,,1,,
7027,Election_Day,40,5,12.5,4,,,1,,,,
7027,VBM,40,14,35,6,2,,3,1,2,,
7028,Election_Day,28,1,3.57,,,,,,1,,
7028,VBM,28,6,21.43,3,,2,1,,,,
7029,Election_Day,33,0,0,,,,,,,,
7029,VBM,33,3,9.09,1,,,,,1,,1
7030,Election_Day,47,5,10.64,2,,,,1,,,2
7030,VBM,47,12,25.53,11,,1,,,,,
7031,Election_Day,12,1,8.33,,,,,,,,1
7031,VBM,12,3,25,1,,1,,,,,1
7032,Election_Day,38,3,7.89,2,,,,,,,1
7032,VBM,38,8,21.05,6,1,,,,1,,
7033,Election_Day,30,3,10,1,,,,,1,,1
7033,VBM,30,7,23.33,4,,1,1,,1,,
7034,Election_Day,32,2,6.25,1,,,1,,,,
7034,VBM,32,6,18.75,3,,1,1,,1,,
7035,Election_Day,23,2,8.7,,,,,,1,,1
7035,VBM,23,7,30.43,4,,,1,,,,2
7036,Election_Day,70,4,5.71,1,,2,,,,,1
7036,VBM,70,19,27.14,15,,,,,3,,1
7037,Election_Day,23,2,8.7,1,,1,,,,,
7037,VBM,23,1,4.35,,,,,1,,,
7038,Election_Day,44,3,6.82,,,1,1,,,1,
7038,VBM,44,9,20.45,5,,2,,,,,2
7039,Election_Day,42,7,16.67,7,,,,,,,
7039,VBM,42,9,21.43,4,,,1,,2,,2
7041,Election_Day,6,0,0,,,,,,,,
7041,VBM,6,4,66.67,3,,1,,,,,
7042,Election_Day,34,7,20.59,3,1,,,,1,,2
7042,VBM,34,12,35.29,9,,1,1,1,,,
7043,Election_Day,47,5,10.64,2,,1,,,,,2
7043,VBM,47,13,27.66,9,,1,,,,,3
7044,Election_Day,32,2,6.25,,,,,,,,2
7044,VBM,32,5,15.63,3,,,1,,,,1
7045,Election_Day,43,7,16.28,2,,3,,,1,,1
7045,VBM,43,10,23.26,6,,1,1,,1,,1
7046,Election_Day,25,0,0,,,,,,,,
7046,VBM,25,9,36,5,,2,1,,1,,
7047,Election_Day,42,6,14.29,2,1,,,,1,,2
7047,VBM,42,10,23.81,5,2,2,,,1,,
7048,Election_Day,33,4,12.12,2,,,,,,,2
7048,VBM,33,9,27.27,7,,1,,,,,1
7049,Election_Day,55,4,7.27,1,,1,,,,,2
7049,VBM,55,17,30.91,11,1,,,1,3,,1
7051,Election_Day,73,7,9.59,5,,,1,,,,1
7051,VBM,73,24,32.88,16,,6,,,2,,
7052,Election_Day,47,5,10.64,1,1,,2,,,,1
7052,VBM,47,20,42.55,14,,2,,1,1,,2
7053,Election_Day,42,1,2.38,1,,,,,,,
7053,VBM,42,16,38.1,10,1,1,4,,,,
7054,Election_Day,35,4,11.43,3,,,,,,,1
7054,VBM,35,7,20,3,1,,3,,,,
7101,Election_Day,2,0,0,,,,,,,,
7101,VBM,2,1,50,,,,,,,,1
7201,Election_Day,132,10,7.58,4,,,3,1,,,2
7201,VBM,132,46,34.85,24,,2,11,,4,,5
7202,Election_Day,146,15,10.27,6,1,2,3,,,,3
7202,VBM,146,61,41.78,32,3,3,15,1,5,,2
7203,Election_Day,90,12,13.33,5,,1,6,,,,
7203,VBM,90,30,33.33,13,,4,8,,2,,3
7204,Election_Day,101,17,16.83,6,,1,9,,,,1
7204,VBM,101,29,28.71,6,,4,11,,3,,5
7205,Election_Day,136,15,11.03,5,,2,7,,,,1
7205,VBM,136,53,38.97,22,,1,27,,1,,2
7206,Election_Day,37,5,13.51,3,,,2,,,,
7206,VBM,37,12,32.43,4,,,7,,,,1
7207,Election_Day,59,6,10.17,2,1,1,1,,,,1
7207,VBM,59,18,30.51,13,,,2,1,1,,1
7208,Election_Day,59,4,6.78,3,,1,,,,,
7208,VBM,59,26,44.07,16,,2,6,,1,,1
7209,Election_Day,103,7,6.8,3,,,3,,,,1
7209,VBM,103,64,62.14,24,2,5,21,,5,,7
7301,Election_Day,85,10,11.76,5,,,3,,2,,
7301,VBM,85,27,31.76,19,,2,5,,,,1
7302,Election_Day,88,9,10.23,7,,,1,,,,1
7302,VBM,88,50,56.82,21,,,15,,9,,5
7303,Election_Day,87,16,18.39,7,1,1,6,,,,1
7303,VBM,87,22,25.29,9,,1,4,,3,,5
7304,Election_Day,94,13,13.83,2,1,3,5,,2,,
7304,VBM,94,33,35.11,18,1,4,4,,3,,3
7305,Election_Day,124,18,14.52,11,2,,2,,1,,2
7305,VBM,124,57,45.97,28,1,3,16,,2,,7
7306,Election_Day,88,7,7.95,2,,2,1,,1,,1
7306,VBM,88,28,31.82,15,1,3,6,,1,,2
7307,Election_Day,69,9,13.04,3,,2,3,,,,1
7307,VBM,69,28,40.58,12,,7,4,,3,,2
7308,Election_Day,60,10,16.67,4,,,5,,1,,
7308,VBM,60,21,35,11,,1,5,,2,,2
7309,Election_Day,90,15,16.67,10,,,2,,1,,2
7309,VBM,90,34,37.78,19,2,3,5,1,2,,2
7311,Election_Day,107,11,10.28,3,2,,3,,2,,1
7311,VBM,107,24,22.43,17,,1,4,,1,,1
7312,Election_Day,129,19,14.73,9,,1,5,,4,,
7312,VBM,129,55,42.64,33,,1,17,1,2,,1
7313,Election_Day,93,7,7.53,3,,,1,,1,,2
7313,VBM,93,45,48.39,21,2,,13,1,4,,4
7314,Election_Day,31,6,19.35,2,,1,,,2,,1
7314,VBM,31,8,25.81,5,,,1,1,,,1
7315,Election_Day,55,11,20,4,1,1,1,1,1,,2
7315,VBM,55,14,25.45,12,,1,,,,,1
7316,Election_Day,56,9,16.07,2,,1,3,,1,,2
7316,VBM,56,19,33.93,13,,,3,1,,,2
7317,Election_Day,101,13,12.87,10,,,1,,1,,1
7317,VBM,101,46,45.54,17,2,2,18,,6,,1
7318,Election_Day,68,13,19.12,3,2,3,4,,1,,
7318,VBM,68,20,29.41,11,,,5,1,3,,
7319,Election_Day,114,11,9.65,6,2,,2,,,,1
7319,VBM,114,31,27.19,20,,2,4,,4,,1
7321,Election_Day,39,3,7.69,1,,,1,,1,,
7321,VBM,39,6,15.38,4,,,,,,,2
7322,Election_Day,33,4,12.12,2,,,,,,,2
7322,VBM,33,9,27.27,2,1,3,,,,,3
7323,Election_Day,77,16,20.78,9,,,3,,1,,3
7323,VBM,77,19,24.68,8,,,5,1,4,,1
7324,Election_Day,65,12,18.46,6,,1,1,,1,,3
7324,VBM,65,13,20,8,,,3,1,,,1
7325,Election_Day,85,13,15.29,3,,2,4,,2,,2
7325,VBM,85,22,25.88,8,1,2,4,2,5,,
7326,Election_Day,83,13,15.66,9,,,1,,2,,1
7326,VBM,83,25,30.12,10,,3,7,,2,,3
7327,Election_Day,41,2,4.88,2,,,,,,,
7327,VBM,41,18,43.9,14,,2,,,1,,1
7328,Election_Day,54,4,7.41,2,1,,,,,,1
7328,VBM,54,23,42.59,9,,1,2,,2,,9
7329,Election_Day,83,14,16.87,4,,1,8,,1,,
7329,VBM,83,27,32.53,20,,2,3,1,,,1
7331,Election_Day,148,30,20.27,17,2,1,6,,3,,1
7331,VBM,148,66,44.59,34,,4,15,1,7,,5
7332,Election_Day,64,10,15.63,2,,2,4,,2,,
7332,VBM,64,19,29.69,8,2,1,4,,,,4
7333,Election_Day,89,14,15.73,4,1,,4,,3,,2
7333,VBM,89,19,21.35,10,1,,3,,3,,2
7334,Election_Day,63,16,25.4,8,,,3,,5,,
7334,VBM,63,18,28.57,9,1,1,3,,2,,2
7335,Election_Day,127,13,10.24,4,,,7,,1,,1
7335,VBM,127,61,48.03,28,2,5,19,1,3,,3
7336,Election_Day,144,13,9.03,6,,,4,,,,3
7336,VBM,144,70,48.61,44,,2,16,,3,,5
7337,Election_Day,119,16,13.45,7,,,5,2,1,,1
7337,VBM,119,53,44.54,28,,1,19,,2,,3
7338,Election_Day,62,8,12.9,5,,,2,,,,1
7338,VBM,62,27,43.55,12,1,2,7,,2,,3
7339,Election_Day,40,14,35,9,3,,1,,,,1
7339,VBM,40,6,15,1,,,,,4,,1
7341,Election_Day,56,8,14.29,4,,2,1,,1,,
7341,VBM,56,16,28.57,9,,2,4,,1,,
7342,Election_Day,84,13,15.48,5,,1,3,,1,,3
7342,VBM,84,20,23.81,10,,2,7,,1,,
7343,Election_Day,39,10,25.64,5,,,,,1,,4
7343,VBM,39,9,23.08,4,,1,1,1,,,2
7344,Election_Day,91,15,16.48,7,3,1,,,,,4
7344,VBM,91,31,34.07,20,1,,6,,1,,3
7345,Election_Day,66,12,18.18,5,,,3,,3,,1
7345,VBM,66,16,24.24,7,,2,2,,3,,2
7346,Election_Day,44,11,25,5,1,1,2,,1,,1
7346,VBM,44,8,18.18,5,1,,1,,1,,
7347,Election_Day,43,9,20.93,4,,,3,,2,,
7347,VBM,43,10,23.26,6,,,3,1,,,
7348,Election_Day,59,13,22.03,8,,1,2,,1,,1
7348,VBM,59,17,28.81,10,,2,3,,1,,1
7349,Election_Day,88,11,12.5,7,,,1,,1,,2
7349,VBM,88,29,32.95,22,,3,4,,,,
7501,Election_Day,49,9,18.37,3,,,4,,2,,
7501,VBM,49,19,38.78,6,,4,4,,,,5
7502,Election_Day,75,8,10.67,4,,,2,,2,,
7502,VBM,75,27,36,10,1,2,4,,3,,7
7503,Election_Day,61,6,9.84,3,,1,1,,,,1
7503,VBM,61,20,32.79,5,1,5,5,,2,,2
7504,Election_Day,37,5,13.51,2,,,,,,,3
7504,VBM,37,8,21.62,2,,,5,,1,,
7505,Election_Day,123,12,9.76,4,1,,3,,,,4
7505,VBM,123,55,44.72,25,2,8,11,1,2,,6
7506,Election_Day,53,4,7.55,3,,,1,,,,
7506,VBM,53,16,30.19,10,2,,1,,1,1,1
7507,Election_Day,47,5,10.64,3,,,1,,1,,
7507,VBM,47,13,27.66,6,1,1,2,1,,,2
7508,Election_Day,65,7,10.77,2,2,1,,,,,2
7508,VBM,65,31,47.69,20,2,3,2,,1,,3
7512,Election_Day,42,3,7.14,2,,,,,,,1
7512,VBM,42,20,47.62,15,1,1,2,,,,1
7513,Election_Day,42,9,21.43,4,,2,,,,,3
7513,VBM,42,12,28.57,10,,,,1,1,,
7514,Election_Day,43,1,2.33,,,,,,,,1
7514,VBM,43,11,25.58,8,,1,,,,,2
7515,Election_Day,39,1,2.56,1,,,,,,,
7515,VBM,39,15,38.46,7,,1,4,1,,,2
7516,Election_Day,47,7,14.89,5,1,,,,1,,
7516,VBM,47,25,53.19,17,1,1,3,,1,,2
7517,Election_Day,32,3,9.38,,1,,1,1,,,
7517,VBM,32,12,37.5,4,1,,6,,1,,
7518,Election_Day,34,4,11.76,1,,,2,,1,,
7518,VBM,34,9,26.47,3,2,,3,,1,,
7519,Election_Day,30,5,16.67,1,,1,2,,1,,
7519,VBM,30,6,20,1,,,3,,,,2
7521,Election_Day,19,0,0,,,,,,,,
7521,VBM,19,8,42.11,4,,,1,,,,3
7522,Election_Day,26,5,19.23,1,,,3,,,,1
7522,VBM,26,4,15.38,,,,3,,1,,
7523,Election_Day,14,3,21.43,1,,1,1,,,,
7523,VBM,14,7,50,2,,1,1,,3,,
7524,Election_Day,28,7,25,3,,,4,,,,
7524,VBM,28,10,35.71,2,1,,4,,3,,
7525,Election_Day,34,5,14.71,1,1,,,,1,,2
7525,VBM,34,8,23.53,2,1,,2,,3,,
7526,Election_Day,38,5,13.16,3,,,1,,1,,
7526,VBM,38,8,21.05,2,,1,3,,1,,1
7529,Election_Day,20,5,25,1,,2,1,,,,1
7529,VBM,20,4,20,1,,,3,,,,
7531,Election_Day,19,4,21.05,1,,,2,,,,1
7531,VBM,19,4,21.05,4,,,,,,,
7532,Election_Day,37,4,10.81,1,,2,1,,,,
7532,VBM,37,13,35.14,3,,1,5,,2,,2
7533,Election_Day,43,11,25.58,5,,,3,1,1,,1
7533,VBM,43,13,30.23,7,,2,2,,1,,1
7534,Election_Day,29,3,10.34,,,1,1,,1,,
7534,VBM,29,10,34.48,5,,,3,,1,,1
7535,Election_Day,26,8,30.77,2,1,1,3,,,,1
7535,VBM,26,5,19.23,1,1,,2,,,,1
7536,Election_Day,22,6,27.27,1,,,3,,1,,1
7536,VBM,22,6,27.27,,,1,3,1,,,1
7537,Election_Day,18,4,22.22,2,,,1,,1,,
7537,VBM,18,5,27.78,3,,,2,,,,
7538,Election_Day,18,1,5.56,,,,1,,,,
7538,VBM,18,8,44.44,2,,1,2,,3,,
7539,Election_Day,22,8,36.36,2,,1,1,,3,,1
7539,VBM,22,3,13.64,1,,1,,,1,,
7541,Election_Day,18,2,11.11,,1,,,,,,1
7541,VBM,18,4,22.22,2,,,2,,,,
7542,Election_Day,23,4,17.39,1,,,1,,1,,1
7542,VBM,23,3,13.04,2,,,,,1,,
7543,Election_Day,26,3,11.54,2,,,,,,,1
7543,VBM,26,10,38.46,3,,1,4,,2,,
7544,Election_Day,34,8,23.53,4,,,2,,,,2
7544,VBM,34,9,26.47,3,1,,2,,2,,1
7545,Election_Day,35,6,17.14,3,,,2,1,,,
7545,VBM,35,10,28.57,7,,1,1,,,1,
7546,Election_Day,39,13,33.33,4,,,4,2,1,,2
7546,VBM,39,7,17.95,3,1,,2,,,,1
7547,Election_Day,12,3,25,2,,,1,,,,
7547,VBM,12,4,33.33,3,,,,,,,1
7548,Election_Day,54,7,12.96,2,,1,1,,2,,1
7548,VBM,54,13,24.07,4,1,,6,,,,2
7549,Election_Day,27,7,25.93,3,,,2,,1,,1
7549,VBM,27,7,25.93,3,,,2,,2,,
7551,Election_Day,30,3,10,,,1,1,,,,1
7551,VBM,30,7,23.33,,1,1,4,,,,1
7552,Election_Day,27,5,18.52,,1,,2,,,,2
7552,VBM,27,11,40.74,4,,,3,1,1,,2
7553,Election_Day,10,0,0,,,,,,,,
7553,VBM,10,7,70,3,,1,2,,1,,
7554,Election_Day,34,7,20.59,,1,,2,,2,,2
7554,VBM,34,18,52.94,6,,,7,1,1,,3
7555,Election_Day,45,9,20,3,,,5,,,,1
7555,VBM,45,18,40,6,,2,10,,,,
7601,Election_Day,51,6,11.76,4,,1,,,1,,
7601,VBM,51,11,21.57,8,1,,1,,,,1
7602,Election_Day,39,5,12.82,2,,,,,1,,2
7602,VBM,39,12,30.77,7,1,1,2,,1,,
7603,Election_Day,34,3,8.82,2,,,1,,,,
7603,VBM,34,12,35.29,6,,4,1,,1,,
7604,Election_Day,61,10,16.39,7,,,1,1,1,,
7604,VBM,61,15,24.59,12,,,2,,,,1
7605,Election_Day,39,1,2.56,1,,,,,,,
7605,VBM,39,8,20.51,6,1,,,,,,1
7606,Election_Day,45,9,20,5,,,2,1,,,1
7606,VBM,45,16,35.56,12,,,1,,2,,1
7607,Election_Day,54,5,9.26,1,,1,1,,,,2
7607,VBM,54,16,29.63,8,5,1,1,1,,,
7608,Election_Day,28,3,10.71,,,1,,,,,2
7608,VBM,28,7,25,5,,2,,,,,
7609,Election_Day,52,5,9.62,1,,1,2,,,,1
7609,VBM,52,8,15.38,6,,1,1,,,,
7611,Election_Day,45,4,8.89,3,,1,,,,,
7611,VBM,45,12,26.67,9,,,1,,1,,1
7612,Election_Day,39,3,7.69,1,,,1,,,1,
7612,VBM,39,14,35.9,9,,3,,,1,,1
7613,Election_Day,46,4,8.7,1,,2,,,,,1
7613,VBM,46,14,30.43,10,,1,1,,1,,1
7614,Election_Day,71,7,9.86,3,,,,,,,4
7614,VBM,71,22,30.99,15,1,1,2,1,1,1,
7615,Election_Day,58,8,13.79,8,,,,,,,
7615,VBM,58,16,27.59,9,1,3,,,2,,1
7616,Election_Day,37,1,2.7,,,,1,,,,
7616,VBM,37,15,40.54,5,,1,8,,1,,
7617,Election_Day,45,2,4.44,1,,,,,,,1
7617,VBM,45,9,20,4,1,3,,,1,,
7618,Election_Day,44,3,6.82,1,,,1,1,,,
7618,VBM,44,9,20.45,7,,1,1,,,,
7619,Election_Day,84,5,5.95,2,,1,2,,,,
7619,VBM,84,26,30.95,16,2,2,1,,2,1,2
7621,Election_Day,55,5,9.09,3,,1,1,,,,
7621,VBM,55,15,27.27,9,,1,3,,,,2
7622,Election_Day,67,8,11.94,3,1,,1,,,,3
7622,VBM,67,20,29.85,15,1,,2,,2,,
7623,Election_Day,37,7,18.92,4,1,1,1,,,,
7623,VBM,37,10,27.03,5,2,,1,,,,2
7624,Election_Day,43,1,2.33,,,,1,,,,
7624,VBM,43,12,27.91,7,,3,,,1,,1
7625,Election_Day,66,1,1.52,1,,,,,,,
7625,VBM,66,32,48.48,18,1,1,6,1,2,,3
7626,Election_Day,97,10,10.31,3,1,,5,,1,,
7626,VBM,97,32,32.99,14,1,3,10,1,1,,2
7627,Election_Day,137,15,10.95,7,,2,4,,1,,1
7627,VBM,137,41,29.93,23,1,,15,,,,2
7628,Election_Day,46,4,8.7,3,1,,,,,,
7628,VBM,46,11,23.91,3,1,1,3,,2,,1
7629,Election_Day,35,2,5.71,,,,,,,,2
7629,VBM,35,12,34.29,2,,3,3,1,1,,2
7631,Election_Day,59,5,8.47,3,,1,1,,,,
7631,VBM,59,18,30.51,11,,3,4,,,,
7632,Election_Day,33,1,3.03,1,,,,,,,
7632,VBM,33,11,33.33,8,,,3,,,,
7633,Election_Day,40,4,10,,1,1,2,,,,
7633,VBM,40,14,35,12,,1,,,,,1
7634,Election_Day,89,8,8.99,4,,,1,,2,,1
7634,VBM,89,28,31.46,21,1,1,2,,2,,1
7635,Election_Day,62,4,6.45,,,,3,,,,1
7635,VBM,62,16,25.81,10,,1,3,1,,,1
7636,Election_Day,71,4,5.63,,,2,1,1,,,
7636,VBM,71,27,38.03,13,,2,7,,3,,2
7637,Election_Day,111,9,8.11,3,,,3,,3,,
7637,VBM,111,33,29.73,14,1,1,10,1,2,,4
7638,Election_Day,142,11,7.75,7,,1,2,,1,,
7638,VBM,142,61,42.96,28,1,1,24,,4,,3
7639,Election_Day,101,11,10.89,5,,,3,,1,,2
7639,VBM,101,27,26.73,10,,,8,,5,1,3
7641,Election_Day,98,11,11.22,1,,4,2,1,,,3
7641,VBM,98,34,34.69,18,1,3,10,,,,2
7642,Election_Day,88,7,7.95,1,,,1,,1,,4
7642,VBM,88,48,54.55,26,4,6,4,1,4,,3
7643,Election_Day,67,5,7.46,1,,,1,,,,3
7643,VBM,67,23,34.33,10,,1,8,1,2,,1
7644,Election_Day,56,8,14.29,5,,,,,1,,2
7644,VBM,56,15,26.79,8,,1,4,1,,,1
7645,Election_Day,70,5,7.14,2,,,1,,1,,1
7645,VBM,70,34,48.57,18,,2,10,,2,,2
7646,Election_Day,126,9,7.14,1,,1,1,,2,,4
7646,VBM,126,44,34.92,15,,3,18,,5,,3
7647,Election_Day,42,4,9.52,3,,,,,,,1
7647,VBM,42,8,19.05,5,,,,,,,3
7648,Election_Day,0,0,0,,,,,,,,
7648,VBM,0,0,0,,,,,,,,
7701,Election_Day,75,21,28,13,,1,5,,1,,1
7701,VBM,75,28,37.33,12,1,5,7,1,2,,
7702,Election_Day,95,10,10.53,6,,2,1,,1,,
7702,VBM,95,51,53.68,30,1,3,11,,1,,5
7703,Election_Day,7,0,0,,,,,,,,
7703,VBM,7,4,57.14,2,,1,,,,,1
7704,Election_Day,119,15,12.61,9,1,,3,,,,2
7704,VBM,119,62,52.1,40,,4,11,,4,,3
7705,Election_Day,82,14,17.07,6,,,4,1,,,3
7705,VBM,82,44,53.66,21,1,4,11,1,4,,2
7706,Election_Day,89,20,22.47,10,1,4,4,,,,1
7706,VBM,89,39,43.82,15,2,3,8,1,2,,8
7707,Election_Day,96,16,16.67,11,,1,3,,1,,
7707,VBM,96,39,40.63,21,,3,5,3,6,,1
7708,Election_Day,92,10,10.87,3,1,,4,,,,2
7708,VBM,92,41,44.57,18,2,8,8,1,1,,3
7709,Election_Day,31,9,29.03,6,,,,,1,,2
7709,VBM,31,17,54.84,4,,4,3,1,3,,2
7711,Election_Day,52,8,15.38,3,,1,1,,1,,2
7711,VBM,52,21,40.38,10,,,8,1,,,2
7712,Election_Day,33,6,18.18,3,1,,1,,,,1
7712,VBM,33,7,21.21,4,,,2,,,,1
7801,Election_Day,58,14,24.14,4,2,,5,,1,,2
7801,VBM,58,24,41.38,12,1,1,6,,3,,1
7802,Election_Day,48,8,16.67,3,1,1,1,,2,,
7802,VBM,48,17,35.42,6,1,1,6,,,,3
7803,Election_Day,32,4,12.5,1,1,1,,,1,,
7803,VBM,32,12,37.5,6,,1,4,,,,1
7804,Election_Day,38,5,13.16,1,,1,2,,1,,
7804,VBM,38,19,50,6,2,1,7,,2,,1
7805,Election_Day,19,1,5.26,,,,1,,,,
7805,VBM,19,8,42.11,4,1,,3,,,,
7806,Election_Day,20,2,10,,,,2,,,,
7806,VBM,20,10,50,6,,1,2,,1,,
7807,Election_Day,26,4,15.38,2,,,2,,,,
7807,VBM,26,4,15.38,1,,,1,,1,,1
7808,Election_Day,18,7,38.89,2,,,1,,1,,3
7808,VBM,18,6,33.33,1,1,,1,2,1,,
7809,Election_Day,26,2,7.69,,,1,1,,,,
7809,VBM,26,13,50,9,,,2,,1,,1
7811,Election_Day,16,3,18.75,,,1,2,,,,
7811,VBM,16,8,50,3,,,4,,1,,
7812,Election_Day,30,9,30,3,1,,1,,1,,3
7812,VBM,30,9,30,4,,,4,,1,,
7813,Election_Day,33,8,24.24,6,,,1,,1,,
7813,VBM,33,13,39.39,5,,2,2,1,2,,1
7814,Election_Day,22,3,13.64,,,1,1,1,,,
7814,VBM,22,6,27.27,3,,1,,,1,,1
7815,Election_Day,22,9,40.91,1,,2,3,1,1,,1
7815,VBM,22,7,31.82,4,,,1,,1,,1
7816,Election_Day,33,7,21.21,4,1,,,1,1,,
7816,VBM,33,13,39.39,5,,2,4,,1,,1
7817,Election_Day,17,4,23.53,,,,4,,,,
7817,VBM,17,7,41.18,5,,,1,,1,,
7818,Election_Day,27,5,18.52,2,,,1,1,1,,
7818,VBM,27,10,37.04,4,,1,4,,,,1
7819,Election_Day,28,8,28.57,2,,,3,,,,3
7819,VBM,28,14,50,8,,2,3,,,,1
7821,Election_Day,34,3,8.82,,,,2,,1,,
7821,VBM,34,20,58.82,9,,1,3,,3,,4
7822,Election_Day,21,6,28.57,3,2,,1,,,,
7822,VBM,21,8,38.1,4,,,2,,2,,
7823,Election_Day,24,1,4.17,,,1,,,,,
7823,VBM,24,15,62.5,8,1,,4,1,,,1
7824,Election_Day,34,7,20.59,2,,2,1,,,,2
7824,VBM,34,10,29.41,5,,,3,,1,,1
7825,Election_Day,20,6,30,2,,,3,,1,,
7825,VBM,20,4,20,2,,,1,,,,1
7826,Election_Day,25,4,16,1,,1,,,,,2
7826,VBM,25,10,40,4,,1,2,,1,,2
7827,Election_Day,21,0,0,,,,,,,,
7827,VBM,21,3,14.29,3,,,,,,,
7828,Election_Day,70,19,27.14,6,1,2,3,1,4,,2
7828,VBM,70,28,40,15,,,8,1,2,,2
7829,Election_Day,39,7,17.95,3,,1,1,,1,,1
7829,VBM,39,15,38.46,10,1,1,2,,,,1
7831,Election_Day,21,4,19.05,2,,1,1,,,,
7831,VBM,21,11,52.38,4,,2,4,,,,1
7832,Election_Day,35,8,22.86,1,,,6,,1,,
7832,VBM,35,15,42.86,7,1,1,4,,1,,1
7833,Election_Day,16,2,12.5,,,,1,,,,1
7833,VBM,16,4,25,2,,,2,,,,
7834,Election_Day,27,5,18.52,3,,,,,1,,1
7834,VBM,27,2,7.41,1,,,,,,,1
7835,Election_Day,54,11,20.37,5,,2,3,,,,1
7835,VBM,54,25,46.3,8,1,2,6,,1,,7
7836,Election_Day,62,10,16.13,4,,,4,,1,,1
7836,VBM,62,29,46.77,15,1,2,5,1,1,,4
7837,Election_Day,39,8,20.51,6,,,2,,,,
7837,VBM,39,13,33.33,6,,2,4,,1,,
7838,Election_Day,35,5,14.29,2,,1,,,1,,1
7838,VBM,35,15,42.86,5,,2,5,,2,,1
7839,Election_Day,53,12,22.64,4,,4,3,,,,1
7839,VBM,53,22,41.51,11,1,1,6,1,,,2
7841,Election_Day,28,6,21.43,3,,,1,,1,,1
7841,VBM,28,14,50,3,1,1,7,,1,,1
7842,Election_Day,41,6,14.63,2,,,,,1,,3
7842,VBM,41,13,31.71,7,,,3,,1,,2
7843,Election_Day,34,5,14.71,2,,1,,,,,2
7843,VBM,34,11,32.35,9,,,1,,1,,
7844,Election_Day,29,7,24.14,6,1,,,,,,
7844,VBM,29,7,24.14,5,,1,,1,,,
7845,Election_Day,37,3,8.11,1,,,1,,,,1
7845,VBM,37,12,32.43,3,1,2,3,1,1,,1
7846,Election_Day,62,11,17.74,2,,2,4,,,,3
7846,VBM,62,24,38.71,18,,,4,1,,,1
7847,Election_Day,38,8,21.05,1,,1,3,,2,,1
7847,VBM,38,13,34.21,7,,1,2,,1,,2
7848,Election_Day,47,8,17.02,3,,2,2,,1,,
7848,VBM,47,15,31.91,1,1,2,9,,2,,
7849,Election_Day,30,11,36.67,4,,1,3,,,,3
7849,VBM,30,9,30,2,,2,3,,1,,1
7851,Election_Day,64,16,25,12,,1,2,,,,1
7851,VBM,64,27,42.19,9,1,,13,,,,4
7852,Election_Day,44,12,27.27,8,,1,2,,,,1
7852,VBM,44,18,40.91,16,,,1,,,,1
7853,Election_Day,50,8,16,6,,,,,1,,1
7853,VBM,50,14,28,6,,1,5,1,1,,
7854,Election_Day,51,9,17.65,3,,,4,,,,2
7854,VBM,51,18,35.29,7,1,1,6,,3,,
7855,Election_Day,34,5,14.71,1,1,1,2,,,,
7855,VBM,34,17,50,13,,1,1,,2,,
7856,Election_Day,29,4,13.79,,,,3,,,,1
7856,VBM,29,10,34.48,2,1,1,5,,,,1
7857,Election_Day,39,3,7.69,1,,,1,,1,,
7857,VBM,39,20,51.28,6,,2,5,,5,,2
7858,Election_Day,26,8,30.77,3,1,,2,,1,,1
7858,VBM,26,9,34.62,4,,,2,1,2,,
7859,Election_Day,49,12,24.49,6,,,5,,1,,
7859,VBM,49,13,26.53,9,1,,2,,,,1
7861,Election_Day,38,5,13.16,5,,,,,,,
7861,VBM,38,12,31.58,4,2,1,4,,,,1
7862,Election_Day,38,4,10.53,1,,1,1,,1,,
7862,VBM,38,18,47.37,7,,1,5,,2,,3
7863,Election_Day,38,7,18.42,4,,1,2,,,,
7863,VBM,38,13,34.21,4,2,1,4,,1,,1
7864,Election_Day,50,6,12,2,,,2,,2,,
7864,VBM,50,22,44,8,1,,12,1,,,
7865,Election_Day,44,11,25,6,2,,3,,,,
7865,VBM,44,12,27.27,7,,4,,1,,,
7866,Election_Day,96,17,17.71,8,1,2,2,,,,4
7866,VBM,96,48,50,29,3,5,2,,2,,7
7867,Election_Day,47,7,14.89,2,,,4,,,,1
7867,VBM,47,19,40.43,8,,3,5,1,1,,1
7868,Election_Day,38,9,23.68,2,,1,4,,1,,1
7868,VBM,38,15,39.47,10,,,2,,2,,1
7869,Election_Day,56,8,14.29,2,,,3,,1,,2
7869,VBM,56,27,48.21,11,,1,5,2,4,,4
7871,Election_Day,43,5,11.63,3,1,1,,,,,
7871,VBM,43,19,44.19,5,1,2,4,,5,,2
7872,Election_Day,34,8,23.53,3,,1,2,,1,,1
7872,VBM,34,10,29.41,7,1,,1,,1,,
7873,Election_Day,38,9,23.68,3,1,1,2,,,,2
7873,VBM,38,17,44.74,6,,1,7,1,1,,1
7874,Election_Day,22,5,22.73,1,,2,1,,,,1
7874,VBM,22,3,13.64,2,,,1,,,,
7875,Election_Day,42,5,11.9,3,,1,,,,,1
7875,VBM,42,14,33.33,9,1,2,2,,,,
7901,Election_Day,53,5,9.43,3,,,,,1,,1
7901,VBM,53,10,18.87,4,1,1,1,1,1,,1
7902,Election_Day,34,4,11.76,3,,,1,,,,
7902,VBM,34,8,23.53,4,,1,,,3,,
7903,Election_Day,46,9,19.57,4,,,,,,,5
7903,VBM,46,6,13.04,3,,1,,,2,,
7904,Election_Day,45,4,8.89,1,,,3,,,,
7904,VBM,45,19,42.22,9,1,1,3,,3,,2
7905,Election_Day,23,7,30.43,3,,,,,,,4
7905,VBM,23,4,17.39,1,,2,1,,,,
7906,Election_Day,28,6,21.43,1,,4,,,,,1
7906,VBM,28,5,17.86,2,1,,1,,1,,
7907,Election_Day,24,5,20.83,1,1,1,,,,,2
7907,VBM,24,6,25,2,,,1,,3,,
7908,Election_Day,43,4,9.3,3,,,1,,,,
7908,VBM,43,12,27.91,8,,2,1,,,,1
7909,Election_Day,23,2,8.7,,,1,1,,,,
7909,VBM,23,1,4.35,1,,,,,,,
7911,Election_Day,24,1,4.17,1,,,,,,,
7911,VBM,24,13,54.17,8,,1,2,,2,,
7912,Election_Day,36,6,16.67,2,1,,1,,2,,
7912,VBM,36,8,22.22,6,,1,1,,,,
7913,Election_Day,30,7,23.33,3,,,4,,,,
7913,VBM,30,10,33.33,1,1,1,4,,2,,1
7914,Election_Day,24,2,8.33,,,,,,,,2
7914,VBM,24,7,29.17,3,,2,1,,1,,
7915,Election_Day,24,6,25,3,,1,1,,,,1
7915,VBM,24,3,12.5,,,2,,,,,1
7916,Election_Day,35,4,11.43,1,,2,,,,,1
7916,VBM,35,11,31.43,6,1,1,1,,1,,1
7917,Election_Day,47,2,4.26,1,1,,,,,,
7917,VBM,47,7,14.89,2,1,3,,1,,,
7918,Election_Day,26,5,19.23,1,,,2,,,,2
7918,VBM,26,8,30.77,4,,,3,,,,1
7919,Election_Day,31,3,9.68,1,,2,,,,,
7919,VBM,31,6,19.35,3,,,2,,1,,
7921,Election_Day,47,6,12.77,3,,1,2,,,,
7921,VBM,47,11,23.4,6,1,1,2,,1,,
7922,Election_Day,33,7,21.21,4,,,,,3,,
7922,VBM,33,14,42.42,11,,2,1,,,,
7923,Election_Day,33,2,6.06,,,,,,,,2
7923,VBM,33,9,27.27,7,,1,1,,,,
7924,Election_Day,32,2,6.25,,,,,,1,,1
7924,VBM,32,11,34.38,9,,1,,,1,,
7925,Election_Day,22,4,18.18,3,,,,,1,,
7925,VBM,22,6,27.27,2,,1,3,,,,
7926,Election_Day,18,2,11.11,,,1,,,,,1
7926,VBM,18,5,27.78,5,,,,,,,
7927,Election_Day,21,4,19.05,1,,,2,,,,1
7927,VBM,21,6,28.57,3,,,2,,,,1
7928,Election_Day,24,5,20.83,3,,,,1,,,1
7928,VBM,24,9,37.5,6,1,,1,,,,1
7929,Election_Day,34,8,23.53,2,,,4,,,,2
7929,VBM,34,11,32.35,10,,,,,1,,
7931,Election_Day,24,5,20.83,2,,1,1,,1,,
7931,VBM,24,9,37.5,4,,2,2,,,,1
7932,Election_Day,21,5,23.81,3,,1,,,,,1
7932,VBM,21,7,33.33,2,,,3,,2,,
7933,Election_Day,0,0,0,,,,,,,,
7933,VBM,0,0,0,,,,,,,,
7934,Election_Day,36,4,11.11,1,,1,2,,,,
7934,VBM,36,9,25,2,2,3,1,,,,1
7935,Election_Day,35,6,17.14,,,,4,,,,2
7935,VBM,35,13,37.14,5,,3,1,,2,,2
7936,Election_Day,24,10,41.67,7,,1,,,1,,1
7936,VBM,24,5,20.83,2,,,3,,,,
7937,Election_Day,39,4,10.26,2,,,,,,,2
7937,VBM,39,7,17.95,3,,,1,1,2,,
7938,Election_Day,31,4,12.9,2,,1,,,,,1
7938,VBM,31,4,12.9,4,,,,,,,
7939,Election_Day,18,5,27.78,,,1,4,,,,
7939,VBM,18,3,16.67,1,,,2,,,,
7941,Election_Day,25,4,16,1,1,1,,,1,,
7941,VBM,25,6,24,4,,,1,,1,,
7942,Election_Day,30,8,26.67,6,,,2,,,,
7942,VBM,30,7,23.33,5,,1,1,,,,
7943,Election_Day,60,10,16.67,7,,,1,1,,,1
7943,VBM,60,23,38.33,16,1,3,2,,1,,
7944,Election_Day,24,3,12.5,1,,,1,,1,,
7944,VBM,24,3,12.5,2,,1,,,,,
7945,Election_Day,37,4,10.81,3,,,,,,,1
7945,VBM,37,10,27.03,5,,2,1,,2,,
7946,Election_Day,46,3,6.52,2,,,,,1,,
7946,VBM,46,24,52.17,12,,3,3,1,,,5
7947,Election_Day,61,10,16.39,6,1,,2,,,,1
7947,VBM,61,23,37.7,15,,4,1,,1,,2
7948,Election_Day,54,10,18.52,7,,3,,,,,
7948,VBM,54,15,27.78,6,,4,3,,1,,1
7949,Election_Day,46,4,8.7,2,,2,,,,,
7949,VBM,46,14,30.43,6,1,1,,1,2,,3
7951,Election_Day,60,6,10,5,,,,,1,,
7951,VBM,60,32,53.33,22,,4,1,,5,,
7952,Election_Day,50,16,32,9,,2,2,,,,3
7952,VBM,50,17,34,10,1,2,1,,1,,2
7953,Election_Day,68,7,10.29,4,1,,1,,,,1
7953,VBM,68,25,36.76,14,,3,6,2,,,
7954,Election_Day,0,0,0,,,,,,,,
7954,VBM,0,0,0,,,,,,,,
7955,Election_Day,60,10,16.67,8,,1,,,,,1
7955,VBM,60,29,48.33,13,1,3,6,1,3,,2
7956,Election_Day,55,6,10.91,3,,,1,,,,2
7956,VBM,55,22,40,13,1,4,,,,,4
7957,Election_Day,34,2,5.88,,,,1,,,,1
7957,VBM,34,8,23.53,5,1,,,,,,2
7958,Election_Day,13,0,0,,,,,,,,
7958,VBM,13,6,46.15,3,1,1,,,,,1
9001,Election_Day,23,0,0,,,,,,,,
9001,VBM,23,3,13.04,2,,,,,,,1
9101,Election_Day,97,15,15.46,3,,2,9,,1,,
9101,VBM,97,46,47.42,25,1,2,6,,6,,6
9102,Election_Day,106,18,16.98,10,,1,6,,,,1
9102,VBM,106,35,33.02,18,,4,5,,3,,5
9103,Election_Day,83,15,18.07,10,1,2,1,,1,,
9103,VBM,83,21,25.3,8,,5,3,1,1,,3
9104,Election_Day,87,8,9.2,1,1,1,2,,1,,2
9104,VBM,87,32,36.78,26,,,5,,,,1
9105,Election_Day,84,10,11.9,4,2,1,1,,,,2
9105,VBM,84,31,36.9,17,3,5,6,,,,
9106,Election_Day,88,12,13.64,8,,2,2,,,,
9106,VBM,88,32,36.36,11,2,2,8,,3,,6
9107,Election_Day,66,11,16.67,6,,,1,,2,,2
9107,VBM,66,19,28.79,11,,1,3,,,,4
9108,Election_Day,72,18,25,7,2,1,3,,3,,2
9108,VBM,72,20,27.78,9,,2,4,,2,,3
9109,Election_Day,63,18,28.57,9,,3,5,,1,,
9109,VBM,63,24,38.1,12,1,3,8,,,,
9111,Election_Day,61,13,21.31,8,,2,1,,,,2
9111,VBM,61,20,32.79,11,,3,5,,1,,
9112,Election_Day,92,19,20.65,12,1,1,2,,2,,1
9112,VBM,92,25,27.17,5,,3,11,1,3,,2
9113,Election_Day,88,22,25,9,1,2,10,,,,
9113,VBM,88,21,23.86,10,,2,7,,,,2
9114,Election_Day,69,8,11.59,3,,3,2,,,,
9114,VBM,69,20,28.99,11,,3,3,,2,,1
9115,Election_Day,68,13,19.12,5,1,2,3,1,,,1
9115,VBM,68,24,35.29,15,,,4,,2,,3
9116,Election_Day,78,10,12.82,3,,1,3,,2,,1
9116,VBM,78,22,28.21,14,,3,2,,2,,1
9117,Election_Day,79,11,13.92,3,2,2,3,,,,1
9117,VBM,79,24,30.38,9,1,,8,,2,,4
9118,Election_Day,77,22,28.57,15,2,,1,,,,4
9118,VBM,77,20,25.97,11,1,3,2,,2,,1
9119,Election_Day,85,8,9.41,4,,1,1,,1,,1
9119,VBM,85,29,34.12,16,1,2,3,,1,,6
9121,Election_Day,71,16,22.54,7,1,3,1,1,,,3
9121,VBM,71,18,25.35,11,,3,1,,1,,2
9122,Election_Day,92,5,5.43,4,,1,,,,,
9122,VBM,92,27,29.35,18,1,3,2,,2,,1
9123,Election_Day,76,11,14.47,8,,,2,,,,1
9123,VBM,76,29,38.16,24,,1,1,1,,,2
9124,Election_Day,72,7,9.72,1,,2,3,,,,1
9124,VBM,72,24,33.33,15,,,2,,2,,5
9125,Election_Day,54,6,11.11,4,,,1,,,,1
9125,VBM,54,18,33.33,9,,5,2,,1,,1
9126,Election_Day,80,14,17.5,4,,2,6,,1,,1
9126,VBM,80,27,33.75,11,2,1,7,,4,,2
9127,Election_Day,85,24,28.24,12,,3,7,,,,2
9127,VBM,85,19,22.35,11,,2,2,1,,,3
9128,Election_Day,80,17,21.25,11,1,2,2,,,,1
9128,VBM,80,30,37.5,17,2,3,4,,,,4
9129,Election_Day,66,7,10.61,3,,,2,,1,,1
9129,VBM,66,25,37.88,13,,3,7,,1,,1
9131,Election_Day,48,8,16.67,2,,5,1,,,,
9131,VBM,48,14,29.17,9,,2,3,,,,
9132,Election_Day,57,2,3.51,1,,1,,,,,
9132,VBM,57,14,24.56,6,2,1,4,,,,1
9133,Election_Day,73,14,19.18,3,1,2,5,1,,,2
9133,VBM,73,19,26.03,10,,1,5,,1,,2
9134,Election_Day,83,13,15.66,6,,2,3,,1,,1
9134,VBM,83,31,37.35,14,1,1,12,,1,,2
9135,Election_Day,76,16,21.05,10,,,3,1,,,2
9135,VBM,76,30,39.47,22,3,2,1,,,,2
9136,Election_Day,59,10,16.95,3,,2,3,,1,,1
9136,VBM,59,12,20.34,10,,,2,,,,
9137,Election_Day,102,22,21.57,16,,2,1,1,2,,
9137,VBM,102,30,29.41,21,1,2,1,1,2,,2
9138,Election_Day,76,12,15.79,8,,,1,,1,,2
9138,VBM,76,19,25,11,2,1,1,,1,,3
9139,Election_Day,113,18,15.93,6,,5,4,,2,,1
9139,VBM,113,50,44.25,28,3,6,9,,1,,3
9141,Election_Day,90,19,21.11,9,,2,4,,1,,3
9141,VBM,90,31,34.44,16,3,3,7,,1,,1
9142,Election_Day,64,6,9.38,3,,,,,1,,2
9142,VBM,64,24,37.5,13,,2,1,,2,,6
9143,Election_Day,86,17,19.77,6,2,1,4,,3,,1
9143,VBM,86,37,43.02,16,3,3,9,1,3,,2
9144,Election_Day,78,10,12.82,6,,,,,2,,2
9144,VBM,78,36,46.15,15,5,4,8,,2,,2
9145,Election_Day,67,11,16.42,9,,,,,1,,1
9145,VBM,67,20,29.85,13,,2,4,,,,1
9146,Election_Day,55,12,21.82,7,,2,3,,,,
9146,VBM,55,15,27.27,9,1,1,1,,1,,2
9147,Election_Day,59,9,15.25,3,,1,1,,2,,2
9147,VBM,59,19,32.2,9,,1,2,,,,7
9148,Election_Day,60,10,16.67,5,1,1,2,,1,,
9148,VBM,60,19,31.67,11,1,2,1,,2,,2
9149,Election_Day,77,16,20.78,5,,2,2,,2,,5
9149,VBM,77,26,33.77,11,4,5,2,,3,,1
9151,Election_Day,80,8,10,1,,1,4,,,,2
9151,VBM,80,26,32.5,11,2,1,8,,2,,2
9152,Election_Day,66,2,3.03,,,1,1,,,,
9152,VBM,66,23,34.85,22,,1,,,,,
9201,Election_Day,87,10,11.49,5,,1,2,,,,2
9201,VBM,87,22,25.29,11,,3,5,,3,,
9202,Election_Day,97,15,15.46,3,1,,9,,,,2
9202,VBM,97,19,19.59,9,,1,7,,1,,1
9203,Election_Day,235,27,11.49,11,,1,10,,2,,3
9203,VBM,235,84,35.74,45,2,2,23,,8,,4
9204,Election_Day,180,25,13.89,13,,2,7,,,,3
9204,VBM,180,57,31.67,33,1,,17,2,3,,1
9205,Election_Day,112,18,16.07,7,2,3,5,,1,,
9205,VBM,112,38,33.93,12,1,4,12,2,6,,1
9206,Election_Day,227,35,15.42,22,,1,7,,1,,4
9206,VBM,227,76,33.48,39,,3,26,1,2,,5
9207,Election_Day,195,25,12.82,14,,3,4,,2,,2
9207,VBM,195,46,23.59,29,,2,11,,1,,3
9208,Election_Day,192,25,13.02,10,1,1,9,,2,,2
9208,VBM,192,55,28.65,24,1,4,15,,7,,4
9209,Election_Day,147,20,13.61,8,,1,8,,2,,1
9209,VBM,147,39,26.53,20,1,1,12,1,2,,2
9211,Election_Day,140,13,9.29,7,,,5,,1,,
9211,VBM,140,37,26.43,17,1,3,9,,4,,3
9212,Election_Day,124,13,10.48,7,1,1,3,,,,1
9212,VBM,124,29,23.39,13,1,1,8,,4,,2
9213,Election_Day,160,14,8.75,8,,,6,,,,
9213,VBM,160,43,26.88,18,,7,13,,4,,1
9214,Election_Day,108,21,19.44,9,,5,7,,,,
9214,VBM,108,36,33.33,19,1,1,9,1,2,,3
9215,Election_Day,143,22,15.38,10,,,11,,,,1
9215,VBM,143,39,27.27,12,2,2,17,,3,,3
9216,Election_Day,151,19,12.58,9,1,,8,,1,,
9216,VBM,151,44,29.14,18,1,2,21,,2,,
9217,Election_Day,124,21,16.94,8,1,1,6,1,1,,3
9217,VBM,124,35,28.23,18,1,,13,,1,,2
9218,Election_Day,128,23,17.97,9,,2,7,,2,,3
9218,VBM,128,36,28.13,20,1,1,10,,,,4
9219,Election_Day,108,14,12.96,6,,,7,,,,1
9219,VBM,108,28,25.93,17,1,,6,,3,,1
9221,Election_Day,147,26,17.69,9,1,,15,,1,,
9221,VBM,147,69,46.94,29,,4,31,,2,,3
9222,Election_Day,160,22,13.75,10,,1,9,,1,,1
9222,VBM,160,62,38.75,28,1,2,25,,3,,3
9223,Election_Day,114,13,11.4,7,,1,4,,,,1
9223,VBM,114,38,33.33,17,1,2,13,,3,,2
9224,Election_Day,191,24,12.57,13,1,,7,,,,3
9224,VBM,191,66,34.55,32,1,1,17,,11,,4
9225,Election_Day,130,19,14.62,12,,1,6,,,,
9225,VBM,130,29,22.31,11,,3,8,2,2,,3
9226,Election_Day,151,28,18.54,12,,2,10,1,1,,2
9226,VBM,151,55,36.42,27,,5,17,,3,,3
9227,Election_Day,127,14,11.02,6,,1,3,,,,4
9227,VBM,127,59,46.46,25,2,2,22,,2,,6
9228,Election_Day,127,19,14.96,9,1,,7,,1,,1
9228,VBM,127,61,48.03,30,1,,17,1,4,,8
9229,Election_Day,79,18,22.78,3,1,,9,1,1,,3
9229,VBM,79,28,35.44,10,1,2,10,,,,5
9231,Election_Day,94,17,18.09,5,,2,5,,2,,3
9231,VBM,94,30,31.91,9,1,3,10,,3,1,3
9232,Election_Day,109,17,15.6,6,,3,7,,1,,
9232,VBM,109,32,29.36,12,2,1,14,,2,,1
9233,Election_Day,139,11,7.91,6,,1,1,,,,3
9233,VBM,139,59,42.45,24,1,2,26,,1,,5
9234,Election_Day,124,14,11.29,5,,,5,,1,,3
9234,VBM,124,47,37.9,17,3,5,13,,2,,7
9235,Election_Day,182,41,22.53,12,1,3,15,,,,10
9235,VBM,182,65,35.71,24,,3,30,,3,,5
9236,Election_Day,116,19,16.38,8,,1,9,,1,,
9236,VBM,116,34,29.31,12,2,3,15,,,1,1
9237,Election_Day,153,22,14.38,5,1,,11,,3,,2
9237,VBM,153,58,37.91,15,,3,32,,2,,6
9238,Election_Day,157,22,14.01,10,,2,7,,1,,2
9238,VBM,157,70,44.59,30,2,1,31,,3,,3
9239,Election_Day,152,21,13.82,5,,1,9,1,2,,3
9239,VBM,152,63,41.45,39,,2,15,,3,,4
9241,Election_Day,149,23,15.44,10,,,6,1,4,,2
9241,VBM,149,45,30.2,13,1,,26,,3,,2
9242,Election_Day,127,18,14.17,3,1,2,9,,2,,1
9242,VBM,127,33,25.98,12,2,,12,,4,,3
9243,Election_Day,85,11,12.94,3,,,5,,,,3
9243,VBM,85,25,29.41,10,,1,12,,,,2
9244,Election_Day,96,9,9.38,4,,,5,,,,
9244,VBM,96,31,32.29,14,,2,14,,,,1
9245,Election_Day,72,13,18.06,4,1,1,1,,1,,5
9245,VBM,72,20,27.78,6,,2,9,,1,,2
9246,Election_Day,128,23,17.97,10,,4,3,,3,,3
9246,VBM,128,35,27.34,13,2,,15,,3,,2
9247,Election_Day,102,13,12.75,3,,,8,,1,,1
9247,VBM,102,41,40.2,16,,1,14,1,7,,2
9248,Election_Day,88,12,13.64,5,,2,3,,1,,1
9248,VBM,88,31,35.23,16,2,2,6,,3,,2
9249,Election_Day,108,19,17.59,6,2,1,6,,,,4
9249,VBM,108,29,26.85,10,,1,14,,3,,1
9251,Election_Day,99,9,9.09,4,,,3,,1,,1
9251,VBM,99,33,33.33,10,1,3,10,,7,,2
9252,Election_Day,101,12,11.88,6,,1,5,,,,
9252,VBM,101,48,47.52,24,4,4,11,,2,,3
9253,Election_Day,90,14,15.56,8,,,2,,1,,3
9253,VBM,90,23,25.56,14,1,1,5,,,,2
9254,Election_Day,90,12,13.33,8,,2,1,,,,1
9254,VBM,90,37,41.11,18,,3,13,,2,,1
9255,Election_Day,42,5,11.9,2,1,,,,1,,1
9255,VBM,42,18,42.86,5,,2,8,,2,,1
9256,Election_Day,26,2,7.69,,,,2,,,,
9256,VBM,26,12,46.15,4,1,,3,,2,,2
9257,Election_Day,12,0,0,,,,,,,,
9257,VBM,12,8,66.67,4,,2,1,,,,1
9258,Election_Day,52,5,9.62,1,,,3,,,,1
9258,VBM,52,22,42.31,13,,1,4,1,1,,2
9401,Election_Day,54,6,11.11,5,,,1,,,,
9401,VBM,54,14,25.93,6,,2,2,,,,4
9402,Election_Day,48,8,16.67,5,,1,1,,,,1
9402,VBM,48,23,47.92,16,,2,5,,,,
9403,Election_Day,71,6,8.45,4,,,,,1,,1
9403,VBM,71,31,43.66,22,,4,1,,1,,3
9404,Election_Day,72,9,12.5,5,,1,2,,1,,
9404,VBM,72,26,36.11,11,1,4,6,2,1,,1
9405,Election_Day,73,15,20.55,6,3,2,3,1,,,
9405,VBM,73,17,23.29,12,,2,3,,,,
9406,Election_Day,67,11,16.42,4,,3,2,,1,,1
9406,VBM,67,25,37.31,15,3,4,3,,,,
9407,Election_Day,57,17,29.82,8,,1,4,,,,4
9407,VBM,57,13,22.81,9,1,1,1,,,,1
9408,Election_Day,44,9,20.45,5,,3,1,,,,
9408,VBM,44,11,25,6,1,,1,,1,,2
9409,Election_Day,34,6,17.65,1,,1,4,,,,
9409,VBM,34,10,29.41,6,,,2,,1,,1
9411,Election_Day,59,13,22.03,9,,2,,,2,,
9411,VBM,59,13,22.03,8,,,1,1,1,,2
9412,Election_Day,54,5,9.26,3,1,1,,,,,
9412,VBM,54,23,42.59,12,1,1,7,,,,2
9413,Election_Day,86,12,13.95,10,,,1,,1,,
9413,VBM,86,35,40.7,19,3,4,7,,,,2
9414,Election_Day,70,11,15.71,6,,,4,,,,1
9414,VBM,70,27,38.57,15,3,2,3,,1,,3
9415,Election_Day,67,15,22.39,4,1,4,3,,,,3
9415,VBM,67,22,32.84,12,1,1,4,1,1,,2
9416,Election_Day,72,19,26.39,12,,1,2,,2,,2
9416,VBM,72,23,31.94,10,3,3,2,,,,5
9417,Election_Day,60,8,13.33,5,,,1,,1,,1
9417,VBM,60,19,31.67,11,1,,4,,3,,
9418,Election_Day,74,5,6.76,3,,,1,,,,1
9418,VBM,74,35,47.3,24,,6,2,,1,,2
9419,Election_Day,103,19,18.45,13,1,1,2,,,,2
9419,VBM,103,54,52.43,33,1,6,8,1,,,5
9421,Election_Day,81,16,19.75,10,,,3,,,,3
9421,VBM,81,29,35.8,23,1,,3,,,,2
9422,Election_Day,137,39,28.47,20,,5,7,1,2,,4
9422,VBM,137,38,27.74,19,3,3,5,1,2,,5
9423,Election_Day,89,16,17.98,11,1,1,1,,1,,1
9423,VBM,89,29,32.58,17,1,1,9,,1,,
9424,Election_Day,73,5,6.85,1,,1,,,1,,2
9424,VBM,73,24,32.88,8,,9,3,,2,,2
9425,Election_Day,78,6,7.69,3,,1,1,1,,,
9425,VBM,78,33,42.31,13,4,2,5,,1,,8
9426,Election_Day,77,8,10.39,7,,,,,,,1
9426,VBM,77,26,33.77,13,2,3,2,1,3,1,1
9427,Election_Day,105,17,16.19,9,2,1,2,,2,,1
9427,VBM,105,37,35.24,12,3,4,7,,4,,7
9428,Election_Day,78,14,17.95,11,1,,,,,,2
9428,VBM,78,24,30.77,6,1,1,7,1,4,,4
9429,Election_Day,89,23,25.84,11,2,3,2,,3,,2
9429,VBM,89,23,25.84,13,1,2,5,,,,2
9431,Election_Day,92,10,10.87,4,1,3,1,,,,1
9431,VBM,92,26,28.26,13,1,3,4,1,1,,3
9432,Election_Day,78,15,19.23,10,,1,1,,1,,2
9432,VBM,78,26,33.33,13,2,2,2,,2,,5
9433,Election_Day,93,20,21.51,15,1,1,,1,1,,1
9433,VBM,93,33,35.48,22,,2,3,,1,,5
9434,Election_Day,73,16,21.92,9,1,1,3,,,,2
9434,VBM,73,22,30.14,12,2,3,2,,1,,2
9435,Election_Day,76,21,27.63,12,,3,2,,1,,3
9435,VBM,76,21,27.63,10,,4,4,,,,3
9436,Election_Day,85,19,22.35,11,,2,3,,,,3
9436,VBM,85,32,37.65,13,2,4,4,,2,1,6
9437,Election_Day,112,21,18.75,10,,3,3,,,,5
9437,VBM,112,41,36.61,29,2,2,5,,1,1,1
9438,Election_Day,98,14,14.29,11,,2,1,,,,
9438,VBM,98,32,32.65,18,3,4,2,,1,,4
9439,Election_Day,78,11,14.1,7,,1,3,,,,
9439,VBM,78,35,44.87,16,,3,10,,,,6
9441,Election_Day,65,13,20,8,,,1,,1,,3
9441,VBM,65,24,36.92,10,2,4,2,1,1,,4
9442,Election_Day,84,13,15.48,7,,3,1,,1,,1
9442,VBM,84,27,32.14,18,,2,5,,,,2
9443,Election_Day,66,9,13.64,5,1,,1,,,,2
9443,VBM,66,23,34.85,13,,2,4,,2,,2
9444,Election_Day,102,14,13.73,5,1,2,3,,1,,2
9444,VBM,102,30,29.41,17,1,1,6,1,,,4
9445,Election_Day,80,23,28.75,14,,3,4,,1,,1
9445,VBM,80,27,33.75,15,3,1,3,,1,,4
9446,Election_Day,90,12,13.33,9,,,2,,,,1
9446,VBM,90,34,37.78,19,,5,4,,,,6
9447,Election_Day,76,12,15.79,7,1,1,3,,,,
9447,VBM,76,26,34.21,16,,2,4,,3,,1
9448,Election_Day,69,9,13.04,7,1,1,,,,,
9448,VBM,69,26,37.68,12,,5,5,1,1,,2
9449,Election_Day,73,8,10.96,5,,,,,1,,2
9449,VBM,73,23,31.51,14,1,2,1,,1,,4
9451,Election_Day,48,4,8.33,3,,1,,,,,
9451,VBM,48,23,47.92,19,,1,1,,,,2
9452,Election_Day,89,22,24.72,14,1,,2,,1,,4
9452,VBM,89,30,33.71,14,3,6,3,1,1,,2
9453,Election_Day,58,10,17.24,5,1,1,3,,,,
9453,VBM,58,17,29.31,10,1,,2,,1,,3
9501,Election_Day,19,0,0,,,,,,,,
9501,VBM,19,12,63.16,3,,4,4,,1,,
9502,Election_Day,19,0,0,,,,,,,,
9502,VBM,19,10,52.63,5,1,,4,,,,
9505,Election_Day,40,7,17.5,3,1,,2,,,,1
9505,VBM,40,6,15,3,,1,,,1,,1
9506,Election_Day,37,6,16.22,1,1,1,1,,,,2
9506,VBM,37,6,16.22,2,,,4,,,,
9507,Election_Day,21,2,9.52,,,,2,,,,
9507,VBM,21,5,23.81,2,,,,,1,,2
9508,Election_Day,23,3,13.04,,,,,,2,,1
9508,VBM,23,7,30.43,2,,1,2,,2,,
9509,Election_Day,28,7,25,4,,,,1,1,,1
9509,VBM,28,8,28.57,3,,2,3,,,,
9511,Election_Day,30,7,23.33,3,,1,1,,,,2
9511,VBM,30,7,23.33,4,1,,1,,1,,
9512,Election_Day,39,9,23.08,3,,2,2,,1,,1
9512,VBM,39,3,7.69,2,,,1,,,,
9513,Election_Day,21,2,9.52,,,,,,1,,1
9513,VBM,21,4,19.05,1,,,2,,1,,
9515,Election_Day,38,9,23.68,5,1,2,1,,,,
9515,VBM,38,15,39.47,7,,6,2,,,,
9516,Election_Day,61,10,16.39,3,2,,2,,1,1,1
9516,VBM,61,19,31.15,13,,,5,,1,,
9517,Election_Day,31,9,29.03,4,,,2,,3,,
9517,VBM,31,9,29.03,6,,1,1,,1,,
9518,Election_Day,34,5,14.71,1,,2,,,1,,1
9518,VBM,34,15,44.12,6,,2,3,,4,,
9519,Election_Day,59,9,15.25,5,,1,2,,,,1
9519,VBM,59,17,28.81,10,,1,5,,,,1
9521,Election_Day,48,8,16.67,,,1,2,,1,,4
9521,VBM,48,14,29.17,7,1,1,3,,2,,
9701,Election_Day,39,6,15.38,4,,,,,1,,1
9701,VBM,39,16,41.03,12,,2,1,,,,1
9702,Election_Day,45,3,6.67,3,,,,,,,
9702,VBM,45,20,44.44,15,1,,3,,1,,
9703,Election_Day,99,23,23.23,13,1,2,6,,,,1
9703,VBM,99,38,38.38,23,1,3,7,,,,4
9704,Election_Day,87,19,21.84,7,1,3,3,,2,,3
9704,VBM,87,31,35.63,18,1,,9,,1,,2
9705,Election_Day,60,14,23.33,10,,,4,,,,
9705,VBM,60,18,30,6,,3,5,1,1,,2
9706,Election_Day,4,0,0,,,,,,,,
9706,VBM,4,1,25,,,,1,,,,
9707,Election_Day,125,18,14.4,8,2,4,3,,1,,
9707,VBM,125,42,33.6,24,,5,8,1,1,,3
9708,Election_Day,57,8,14.04,4,,1,2,,1,,
9708,VBM,57,19,33.33,11,,1,3,,1,1,2
9709,Election_Day,129,25,19.38,17,2,1,2,,1,,2
9709,VBM,129,42,32.56,18,2,4,10,1,2,,5
9711,Election_Day,77,23,29.87,12,2,4,2,1,1,,1
9711,VBM,77,22,28.57,7,,3,4,,4,,4
9712,Election_Day,81,14,17.28,4,,1,5,,1,,3
9712,VBM,81,29,35.8,16,,2,9,,2,,
9713,Election_Day,113,19,16.81,10,,1,5,,1,,2
9713,VBM,113,43,38.05,19,2,4,5,,3,,10
9714,Election_Day,136,18,13.24,12,1,2,3,,,,
9714,VBM,136,59,43.38,34,,4,16,1,,,4
9715,Election_Day,99,18,18.18,12,,1,5,,,,
9715,VBM,99,40,40.4,24,,3,9,,2,,2
9716,Election_Day,90,21,23.33,13,,,5,,2,,1
9716,VBM,90,23,25.56,13,1,3,3,,2,,1
9717,Election_Day,105,21,20,9,,2,5,,,,5
9717,VBM,105,38,36.19,17,1,4,11,,,,5
9718,Election_Day,108,24,22.22,12,,3,8,,,,1
9718,VBM,108,46,42.59,19,2,3,10,1,2,,9
9719,Election_Day,116,25,21.55,8,,2,8,,2,,5
9719,VBM,116,49,42.24,28,2,1,10,,1,,7
9721,Election_Day,94,20,21.28,9,1,3,5,,,,2
9721,VBM,94,39,41.49,22,,2,10,,1,,4
9722,Election_Day,111,19,17.12,13,1,1,4,,,,
9722,VBM,111,46,41.44,26,2,3,9,,4,,2
9723,Election_Day,100,9,9,7,,,1,,1,,
9723,VBM,100,48,48,30,2,,7,,4,,5
9724,Election_Day,174,26,14.94,15,,5,3,,,,3
9724,VBM,174,73,41.95,38,2,10,16,,1,,6
9725,Election_Day,146,27,18.49,19,,2,2,,2,1,1
9725,VBM,146,53,36.3,32,,1,8,,1,,11
9726,Election_Day,61,15,24.59,11,,2,,1,,,1
9726,VBM,61,18,29.51,11,1,2,2,,2,,
9727,Election_Day,91,18,19.78,10,,1,1,,1,,5
9727,VBM,91,49,53.85,31,1,,9,,2,,6
9728,Election_Day,163,30,18.4,17,1,2,7,,1,,2
9728,VBM,163,67,41.1,31,1,8,18,,3,1,5
9729,Election_Day,190,33,17.37,15,2,,12,1,2,,1
9729,VBM,190,74,38.95,32,,2,25,1,2,,12
9731,Election_Day,99,28,28.28,14,,,9,,2,,3
9731,VBM,99,37,37.37,18,,1,11,,2,,5
9732,Election_Day,10,0,0,,,,,,,,
9732,VBM,10,8,80,7,1,,,,,,
9733,Election_Day,22,0,0,,,,,,,,
9733,VBM,22,14,63.64,5,,2,3,,1,,3
9734,Election_Day,93,20,21.51,10,,,5,,,,5
9734,VBM,93,36,38.71,22,,1,7,,3,,3
9735,Election_Day,131,22,16.79,17,,,4,,1,,
9735,VBM,131,62,47.33,32,4,2,15,,3,,6
9736,Election_Day,84,16,19.05,10,1,1,3,,1,,
9736,VBM,84,33,39.29,19,1,1,5,,2,,5
9737,Election_Day,72,13,18.06,9,1,1,2,,,,
9737,VBM,72,29,40.28,13,3,,5,1,2,,5
9738,Election_Day,97,16,16.49,11,,,4,,,,1
9738,VBM,97,28,28.87,22,,,3,,1,,2
9739,Election_Day,58,13,22.41,6,,,7,,,,
9739,VBM,58,17,29.31,15,,1,,1,,,
9741,Election_Day,24,0,0,,,,,,,,
9741,VBM,24,2,8.33,1,,,1,,,,
9742,Election_Day,98,21,21.43,11,,2,4,,,,4
9742,VBM,98,28,28.57,18,,,8,,,,2
9743,Election_Day,60,12,20,9,,1,2,,,,
9743,VBM,60,26,43.33,17,,4,2,1,2,,
9744,Election_Day,84,13,15.48,7,,2,3,,,,1
9744,VBM,84,30,35.71,22,1,3,3,,,,1
9745,Election_Day,78,17,21.79,8,1,2,,1,1,,4
9745,VBM,78,23,29.49,18,,1,1,,2,,1
9746,Election_Day,156,36,23.08,19,1,4,9,1,,,2
9746,VBM,156,54,34.62,22,7,6,13,2,1,,3
9747,Election_Day,96,14,14.58,7,1,1,4,,,,1
9747,VBM,96,40,41.67,18,1,8,7,,3,,3
9748,Election_Day,105,16,15.24,8,1,2,2,,,,3
9748,VBM,105,44,41.9,27,2,2,8,,1,,4
9749,Election_Day,50,10,20,6,,1,3,,,,
9749,VBM,50,8,16,4,,3,,,,,1
9751,Election_Day,125,19,15.2,6,1,2,9,,,,1
9751,VBM,125,46,36.8,25,2,3,8,,,,8
9752,Election_Day,76,11,14.47,5,,,2,,,1,3
9752,VBM,76,27,35.53,18,,5,4,,,,
9753,Election_Day,52,2,3.85,1,,,,,,,1
9753,VBM,52,22,42.31,9,,3,1,2,3,,4
9754,Election_Day,47,10,21.28,5,,1,4,,,,
9754,VBM,47,17,36.17,9,,3,4,1,,,
9755,Election_Day,38,8,21.05,4,,,3,,,,1
9755,VBM,38,13,34.21,4,1,4,2,,2,,
9756,Election_Day,57,12,21.05,9,,,1,,1,,1
9756,VBM,57,21,36.84,10,,5,4,,,,2
9801,Election_Day,38,5,13.16,4,,1,,,,,
9801,VBM,38,13,34.21,6,,2,3,,2,,
9900,Election_Day,0,0,0,,,,,,,,
9900,VBM,0,0,0,,,,,,,,
9901,Election_Day,0,0,0,,,,,,,,
9901,VBM,0,0,0,,,,,,,,
9902,Election_Day,0,0,0,,,,,,,,
9902,VBM,0,0,0,,,,,,,,
1104-1105,Election_Day,63,14,22.22,8,,1,1,,1,,3
1104-1105,VBM,63,18,28.57,13,1,1,1,,1,,1
7509-7511,Election_Day,62,11,17.74,7,,,2,,1,,1
7509-7511,VBM,62,21,33.87,14,,1,5,,,,1
7527-7528,Election_Day,41,5,12.2,4,,,1,,,,
7527-7528,VBM,41,9,21.95,5,,,4,,,,
7556-7557,Election_Day,67,11,16.42,3,,3,5,,,,
7556-7557,VBM,67,28,41.79,5,,3,13,1,4,,2
9503-9504,Election_Day,38,3,7.89,1,,1,1,,,,
9503-9504,VBM,38,9,23.68,3,,,4,,1,,1
9514-9522,Election_Day,41,8,19.51,3,,,4,,1,,
9514-9522,VBM,41,9,21.95,5,,,3,,,,1
