precinct,ballot_type,registered,ballots_cast,turnout,GARY_JOHNSON,MARC_FELDMAN,RHETT_WHITE_FEATHER_SMITH,JOY_WAYMIRE,STEVE_KERBEL,JOHN_HALE,JOHN_MCAFEE,CECIL_INCE,AUSTIN_PETERSEN,DARRYL_W._PERRY,DERRICK_M._REID,"JACK_ROBINSON,_JR.",WRITE-IN,over_votes,under_votes
1101,Election_Day,1,0,0,,,,,,,,,,,,,,,
1101,VBM,1,0,0,,,,,,,,,,,,,,,
1102,Election_Day,3,1,33.33,1,,,,,,,,,,,,,,
1102,VBM,3,0,0,,,,,,,,,,,,,,,
1103,Election_Day,5,3,60,2,,,,,,,,,,,,1,,
1103,VBM,5,3,60,1,,,,,,,,1,,,,1,,
1104/1105,Election_Day,3,1,33.33,,,,,,,,,,,,,1,,
1104/1105,VBM,3,1,33.33,,,,,,,1,,,,,,,,
1106,Election_Day,4,3,75,1,,,,,,,,,,,,1,,1
1106,VBM,4,1,25,,,,,,,,,,,,,,,1
1107,Election_Day,2,0,0,,,,,,,,,,,,,,,
1107,VBM,2,0,0,,,,,,,,,,,,,,,
1108,Election_Day,2,6,300,,,,,,,,,2,,2,,1,,1
1108,VBM,2,1,50,1,,,,,,,,,,,,,,
1109,Election_Day,4,0,0,,,,,,,,,,,,,,,
1109,VBM,4,0,0,,,,,,,,,,,,,,,
1111,Election_Day,5,1,20,,,,,,,,,,,,,,,1
1111,VBM,5,3,60,1,,1,,,,1,,,,,,,,
1112,Election_Day,2,0,0,,,,,,,,,,,,,,,
1112,VBM,2,0,0,,,,,,,,,,,,,,,
1113,Election_Day,3,2,66.67,,,1,,,,,,,,,,1,,
1113,VBM,3,1,33.33,,,,,,,,,,,,,,,1
1114,Election_Day,7,1,14.29,,,,,,,,,,,,,,,1
1114,VBM,7,2,28.57,,1,,,,,,,1,,,,,,
1115,Election_Day,6,0,0,,,,,,,,,,,,,,,
1115,VBM,6,1,16.67,1,,,,,,,,,,,,,,
1116,Election_Day,4,1,25,,,,,,,1,,,,,,,,
1116,VBM,4,0,0,,,,,,,,,,,,,,,
1117,Election_Day,2,0,0,,,,,,,,,,,,,,,
1117,VBM,2,0,0,,,,,,,,,,,,,,,
1118,Election_Day,2,1,50,,,,,,,1,,,,,,,,
1118,VBM,2,1,50,,,,,,,,,,,,1,,,
1119,Election_Day,4,1,25,,,,,,,,,,,,,1,,
1119,VBM,4,1,25,,,,,,,,,,,,,1,,
1121,Election_Day,4,1,25,,,,,,,1,,,,,,,,
1121,VBM,4,1,25,,,,,,,,,,,,,,,1
1122,Election_Day,1,0,0,,,,,,,,,,,,,,,
1122,VBM,1,1,100,1,,,,,,,,,,,,,,
1123,Election_Day,3,0,0,,,,,,,,,,,,,,,
1123,VBM,3,0,0,,,,,,,,,,,,,,,
1124,Election_Day,5,1,20,1,,,,,,,,,,,,,,
1124,VBM,5,2,40,1,,,,,,1,,,,,,,,
1125,Election_Day,4,0,0,,,,,,,,,,,,,,,
1125,VBM,4,1,25,,,,,,1,,,,,,,,,
1126,Election_Day,2,1,50,1,,,,,,,,,,,,,,
1126,VBM,2,1,50,,,,,,,,,,,,,1,,
1127,Election_Day,3,0,0,,,,,,,,,,,,,,,
1127,VBM,3,0,0,,,,,,,,,,,,,,,
1128,Election_Day,4,2,50,1,,,,,,,,,,,,,,1
1128,VBM,4,1,25,1,,,,,,,,,,,,,,
1129,Election_Day,5,0,0,,,,,,,,,,,,,,,
1129,VBM,5,1,20,1,,,,,,,,,,,,,,
1131,Election_Day,1,0,0,,,,,,,,,,,,,,,
1131,VBM,1,2,200,,,,,,,,,,,,,1,,1
1132,Election_Day,9,1,11.11,,,,,,,,,,,,,,,1
1132,VBM,9,3,33.33,2,,,,,,1,,,,,,,,
1133,Election_Day,3,1,33.33,1,,,,,,,,,,,,,,
1133,VBM,3,1,33.33,,,,,,1,,,,,,,,,
1134,Election_Day,3,0,0,,,,,,,,,,,,,,,
1134,VBM,3,1,33.33,,,,,,,,,,,,,1,,
1135,Election_Day,0,0,0,,,,,,,,,,,,,,,
1135,VBM,0,1,0,,,,,,,,,,,,,1,,
1136,Election_Day,2,0,0,,,,,,,,,,,,,,,
1136,VBM,2,0,0,,,,,,,,,,,,,,,
1141,Election_Day,7,3,42.86,,,,,,,1,,,,,,1,,1
1141,VBM,7,1,14.29,,,1,,,,,,,,,,,,
1142,Election_Day,1,0,0,,,,,,,,,,,,,,,
1142,VBM,1,0,0,,,,,,,,,,,,,,,
1143,Election_Day,5,1,20,,,,,,,,,,,,,1,,
1143,VBM,5,1,20,1,,,,,,,,,,,,,,
1144,Election_Day,3,1,33.33,,,,,,,,,,,,,,,1
1144,VBM,3,1,33.33,,,,,,,,,,,1,,,,
1145,Election_Day,2,0,0,,,,,,,,,,,,,,,
1145,VBM,2,0,0,,,,,,,,,,,,,,,
1146,Election_Day,8,0,0,,,,,,,,,,,,,,,
1146,VBM,8,3,37.5,2,,,,,,,,,,,1,,,
1147,Election_Day,4,1,25,,,,,,,,,,,,,,,1
1147,VBM,4,2,50,,,,,,,,1,,,,,1,,
1148,Election_Day,5,2,40,1,,,,,,,,,,,,,,1
1148,VBM,5,2,40,,,,,,,,,1,,,,,,1
1149,Election_Day,5,3,60,1,,,,,,,,,,,,1,,1
1149,VBM,5,0,0,,,,,,,,,,,,,,,
1151,Election_Day,0,0,0,,,,,,,,,,,,,,,
1151,VBM,0,0,0,,,,,,,,,,,,,,,
1152,Election_Day,2,0,0,,,,,,,,,,,,,,,
1152,VBM,2,2,100,,,,,1,,,,,1,,,,,
1153,Election_Day,2,0,0,,,,,,,,,,,,,,,
1153,VBM,2,1,50,,,,,,,,,1,,,,,,
1154,Election_Day,0,0,0,,,,,,,,,,,,,,,
1154,VBM,0,0,0,,,,,,,,,,,,,,,
7001,Election_Day,5,1,20,1,,,,,,,,,,,,,,
7001,VBM,5,0,0,,,,,,,,,,,,,,,
7002,Election_Day,6,2,33.33,1,,,,,,,,,,,,,,1
7002,VBM,6,2,33.33,1,,,,,1,,,,,,,,,
7003,Election_Day,7,3,42.86,2,,,,,,,,,,,,1,,
7003,VBM,7,3,42.86,1,,,,,,,,,,,,1,,1
7004,Election_Day,3,0,0,,,,,,,,,,,,,,,
7004,VBM,3,2,66.67,1,,,,,,,,,,,,1,,
7005,Election_Day,5,3,60,,,1,,,,,,,,,,,,2
7005,VBM,5,2,40,2,,,,,,,,,,,,,,
7006,Election_Day,6,0,0,,,,,,,,,,,,,,,
7006,VBM,6,1,16.67,,,,,,,,,,,,,1,,
7007,Election_Day,5,1,20,,,,,,,,,,,,,,,1
7007,VBM,5,0,0,,,,,,,,,,,,,,,
7008,Election_Day,3,1,33.33,,,,,,,,,,,,,,,1
7008,VBM,3,2,66.67,,,,,,,,,,,,1,,,1
7009,Election_Day,8,4,50,1,,,1,,,,,1,,,,,,1
7009,VBM,8,1,12.5,1,,,,,,,,,,,,,,
7011,Election_Day,8,0,0,,,,,,,,,,,,,,,
7011,VBM,8,1,12.5,1,,,,,,,,,,,,,,
7012,Election_Day,7,5,71.43,4,,,1,,,,,,,,,,,
7012,VBM,7,1,14.29,,,,,,,,,,,,,,,1
7013,Election_Day,8,1,12.5,,,,1,,,,,,,,,,,
7013,VBM,8,4,50,3,,,,,,1,,,,,,,,
7014,Election_Day,3,1,33.33,,,,,,,1,,,,,,,,
7014,VBM,3,0,0,,,,,,,,,,,,,,,
7015,Election_Day,0,0,0,,,,,,,,,,,,,,,
7015,VBM,0,0,0,,,,,,,,,,,,,,,
7016,Election_Day,5,1,20,,,,,,,,,,,,,1,,
7016,VBM,5,3,60,,,,,,,,,,,,,2,,1
7017,Election_Day,2,0,0,,,,,,,,,,,,,,,
7017,VBM,2,1,50,,,,,,,,,,,,,,,1
7018,Election_Day,4,1,25,,,,,,,,,,,,,,,1
7018,VBM,4,6,150,,,,,,,,,1,,,1,,,4
7019,Election_Day,5,0,0,,,,,,,,,,,,,,,
7019,VBM,5,3,60,3,,,,,,,,,,,,,,
7021,Election_Day,3,0,0,,,,,,,,,,,,,,,
7021,VBM,3,0,0,,,,,,,,,,,,,,,
7022,Election_Day,1,0,0,,,,,,,,,,,,,,,
7022,VBM,1,1,100,,,,,,,,,,,,,1,,
7023,Election_Day,2,0,0,,,,,,,,,,,,,,,
7023,VBM,2,1,50,,,,,,,,,,,,,1,,
7024,Election_Day,1,0,0,,,,,,,,,,,,,,,
7024,VBM,1,0,0,,,,,,,,,,,,,,,
7025,Election_Day,1,0,0,,,,,,,,,,,,,,,
7025,VBM,1,0,0,,,,,,,,,,,,,,,
7026,Election_Day,2,1,50,1,,,,,,,,,,,,,,
7026,VBM,2,3,150,,,,,1,,,,,,,,,,2
7027,Election_Day,1,0,0,,,,,,,,,,,,,,,
7027,VBM,1,1,100,,,,,,,,,,,,,,,1
7028,Election_Day,1,0,0,,,,,,,,,,,,,,,
7028,VBM,1,0,0,,,,,,,,,,,,,,,
7029,Election_Day,3,0,0,,,,,,,,,,,,,,,
7029,VBM,3,0,0,,,,,,,,,,,,,,,
7030,Election_Day,4,0,0,,,,,,,,,,,,,,,
7030,VBM,4,4,100,1,,,,,1,1,,,,,,,,1
7031,Election_Day,4,1,25,,,,,,,,,,,,,1,,
7031,VBM,4,1,25,1,,,,,,,,,,,,,,
7032,Election_Day,2,1,50,,,,,,,,,,,,,1,,
7032,VBM,2,2,100,,,,,,,,,,,,,2,,
7033,Election_Day,4,1,25,,,,,,,1,,,,,,,,
7033,VBM,4,0,0,,,,,,,,,,,,,,,
7034,Election_Day,2,1,50,,,,,,,,1,,,,,,,
7034,VBM,2,0,0,,,,,,,,,,,,,,,
7035,Election_Day,2,0,0,,,,,,,,,,,,,,,
7035,VBM,2,2,100,,,,,,,1,,,,1,,,,
7036,Election_Day,1,1,100,,,,,,,,,,,,,,,1
7036,VBM,1,0,0,,,,,,,,,,,,,,,
7037,Election_Day,1,0,0,,,,,,,,,,,,,,,
7037,VBM,1,2,200,,,,,,,,,,,,,1,,1
7038,Election_Day,3,0,0,,,,,,,,,,,,,,,
7038,VBM,3,3,100,1,,,,,1,,,,,,,1,,
7039,Election_Day,1,0,0,,,,,,,,,,,,,,,
7039,VBM,1,2,200,,,,,,,,,,,,,1,,1
7041,Election_Day,0,0,0,,,,,,,,,,,,,,,
7041,VBM,0,0,0,,,,,,,,,,,,,,,
7042,Election_Day,4,0,0,,,,,,,,,,,,,,,
7042,VBM,4,0,0,,,,,,,,,,,,,,,
7043,Election_Day,4,0,0,,,,,,,,,,,,,,,
7043,VBM,4,1,25,1,,,,,,,,,,,,,,
7044,Election_Day,2,1,50,,,,,,,,,,,,,,,1
7044,VBM,2,0,0,,,,,,,,,,,,,,,
7045,Election_Day,0,0,0,,,,,,,,,,,,,,,
7045,VBM,0,3,0,,,,,,,,,,2,,,,,1
7046,Election_Day,4,2,50,,,,,,,,,1,,,,,,1
7046,VBM,4,1,25,,,,,,,,,,,,,1,,
7047,Election_Day,6,2,33.33,1,,,,,,,,,,,1,,,
7047,VBM,6,1,16.67,,,,,,,,,,,,,,,1
7048,Election_Day,2,0,0,,,,,,,,,,,,,,,
7048,VBM,2,1,50,,,,,,,1,,,,,,,,
7049,Election_Day,3,0,0,,,,,,,,,,,,,,,
7049,VBM,3,1,33.33,,,,,,,,,,,,,,,1
7051,Election_Day,10,0,0,,,,,,,,,,,,,,,
7051,VBM,10,5,50,,,,,,,2,,,,,,,,3
7052,Election_Day,2,0,0,,,,,,,,,,,,,,,
7052,VBM,2,1,50,,,,,,,1,,,,,,,,
7053,Election_Day,2,1,50,,,,,,1,,,,,,,,,
7053,VBM,2,0,0,,,,,,,,,,,,,,,
7054,Election_Day,3,0,0,,,,,,,,,,,,,,,
7054,VBM,3,0,0,,,,,,,,,,,,,,,
7101,Election_Day,1,0,0,,,,,,,,,,,,,,,
7101,VBM,1,1,100,,,,,,,,,,,,,,,1
7201,Election_Day,5,2,40,2,,,,,,,,,,,,,,
7201,VBM,5,0,0,,,,,,,,,,,,,,,
7202,Election_Day,6,1,16.67,1,,,,,,,,,,,,,,
7202,VBM,6,3,50,1,,,,,,1,,,,,,1,,
7203,Election_Day,7,1,14.29,,,,,,,,,,,,1,,,
7203,VBM,7,2,28.57,1,,,,,,,,,,,,1,,
7204,Election_Day,8,1,12.5,,,,,,,,,,,,,,,1
7204,VBM,8,3,37.5,2,,,,,,1,,,,,,,,
7205,Election_Day,4,1,25,,,,,,,,,,,,,1,,
7205,VBM,4,0,0,,,,,,,,,,,,,,,
7206,Election_Day,0,0,0,,,,,,,,,,,,,,,
7206,VBM,0,0,0,,,,,,,,,,,,,,,
7207,Election_Day,5,1,20,,,,,,,1,,,,,,,,
7207,VBM,5,2,40,1,,,,,,,,,,,,,,1
7208,Election_Day,2,0,0,,,,,,,,,,,,,,,
7208,VBM,2,1,50,1,,,,,,,,,,,,,,
7209,Election_Day,3,0,0,,,,,,,,,,,,,,,
7209,VBM,3,3,100,1,,,,,,,,,,,,1,,1
7301,Election_Day,6,2,33.33,2,,,,,,,,,,,,,,
7301,VBM,6,5,83.33,2,,,,,1,,,1,,,,,,1
7302,Election_Day,3,0,0,,,,,,,,,,,,,,,
7302,VBM,3,4,133.33,1,,,,,,1,,2,,,,,,
7303,Election_Day,8,1,12.5,,,,,,,1,,,,,,,,
7303,VBM,8,3,37.5,3,,,,,,,,,,,,,,
7304,Election_Day,6,1,16.67,,1,,,,,,,,,,,,,
7304,VBM,6,1,16.67,,,,,,,,1,,,,,,,
7305,Election_Day,6,2,33.33,1,,,,,,,,,,,,1,,
7305,VBM,6,0,0,,,,,,,,,,,,,,,
7306,Election_Day,15,2,13.33,1,,,,,,,,,,,,1,,
7306,VBM,15,4,26.67,,,,1,,,,,,,,,,,3
7307,Election_Day,5,2,40,1,,1,,,,,,,,,,,,
7307,VBM,5,0,0,,,,,,,,,,,,,,,
7308,Election_Day,4,4,100,4,,,,,,,,,,,,,,
7308,VBM,4,1,25,,,,,,,,,,,,,1,,
7309,Election_Day,5,2,40,2,,,,,,,,,,,,,,
7309,VBM,5,1,20,,,,,,,,,,,,,,,1
7311,Election_Day,7,1,14.29,,,,,,,1,,,,,,,,
7311,VBM,7,1,14.29,,,,,,,,,,,,,1,,
7312,Election_Day,5,1,20,,,,,,,,,,,,1,,,
7312,VBM,5,2,40,1,,,,,,,,1,,,,,,
7313,Election_Day,6,1,16.67,1,,,,,,,,,,,,,,
7313,VBM,6,3,50,3,,,,,,,,,,,,,,
7314,Election_Day,5,1,20,1,,,,,,,,,,,,,,
7314,VBM,5,3,60,1,,1,,,,,,,,,,1,,
7315,Election_Day,4,1,25,1,,,,,,,,,,,,,,
7315,VBM,4,1,25,1,,,,,,,,,,,,,,
7316,Election_Day,8,2,25,1,,,,,,,,,,,,,,1
7316,VBM,8,2,25,,,1,,,,,,,,,,,,1
7317,Election_Day,6,1,16.67,,,,1,,,,,,,,,,,
7317,VBM,6,4,66.67,,1,1,,,,,,,,,,,,2
7318,Election_Day,5,0,0,,,,,,,,,,,,,,,
7318,VBM,5,3,60,1,,,,,1,,,,,,1,,,
7319,Election_Day,4,0,0,,,,,,,,,,,,,,,
7319,VBM,4,1,25,1,,,,,,,,,,,,,,
7321,Election_Day,1,0,0,,,,,,,,,,,,,,,
7321,VBM,1,1,100,,,,,,,,,,,,,1,,
7322,Election_Day,1,0,0,,,,,,,,,,,,,,,
7322,VBM,1,2,200,,,,,,,,,,,,,,,2
7323,Election_Day,3,1,33.33,,,,,,,1,,,,,,,,
7323,VBM,3,1,33.33,,,,,,,,,,,,,1,,
7324,Election_Day,5,2,40,1,,,,,,,,,,,,,,1
7324,VBM,5,3,60,,,1,,,,,,2,,,,,,
7325,Election_Day,6,0,0,,,,,,,,,,,,,,,
7325,VBM,6,1,16.67,1,,,,,,,,,,,,,,
7326,Election_Day,3,0,0,,,,,,,,,,,,,,,
7326,VBM,3,1,33.33,1,,,,,,,,,,,,,,
7327,Election_Day,1,1,100,,,,,,,,,,,,1,,,
7327,VBM,1,4,400,1,,,,,,1,,,,,,1,,1
7328,Election_Day,3,0,0,,,,,,,,,,,,,,,
7328,VBM,3,5,166.67,,,,,4,,,,,,,,1,,
7329,Election_Day,7,2,28.57,1,,,,,,,,,,,,,,1
7329,VBM,7,3,42.86,,,,,,,,,,1,,1,,,1
7331,Election_Day,6,0,0,,,,,,,,,,,,,,,
7331,VBM,6,1,16.67,1,,,,,,,,,,,,,,
7332,Election_Day,7,3,42.86,1,,,,,,,,,,,,1,,1
7332,VBM,7,2,28.57,2,,,,,,,,,,,,,,
7333,Election_Day,11,2,18.18,2,,,,,,,,,,,,,,
7333,VBM,11,3,27.27,3,,,,,,,,,,,,,,
7334,Election_Day,4,1,25,1,,,,,,,,,,,,,,
7334,VBM,4,1,25,,,,,,,,,,,,,,,1
7335,Election_Day,9,3,33.33,2,,,,,,,,,,,,,,1
7335,VBM,9,0,0,,,,,,,,,,,,,,,
7336,Election_Day,6,0,0,,,,,,,,,,,,,,,
7336,VBM,6,1,16.67,1,,,,,,,,,,,,,,
7337,Election_Day,6,0,0,,,,,,,,,,,,,,,
7337,VBM,6,0,0,,,,,,,,,,,,,,,
7338,Election_Day,2,0,0,,,,,,,,,,,,,,,
7338,VBM,2,3,150,,,,,,,,,1,,,,,,2
7339,Election_Day,13,3,23.08,2,,,,,,,,,,,,1,,
7339,VBM,13,0,0,,,,,,,,,,,,,,,
7341,Election_Day,7,0,0,,,,,,,,,,,,,,,
7341,VBM,7,1,14.29,1,,,,,,,,,,,,,,
7342,Election_Day,12,4,33.33,1,,,,,,1,,,,,,1,,1
7342,VBM,12,5,41.67,3,,,,,,,,,,,,1,,1
7343,Election_Day,5,2,40,1,,,,,,,,,,,,,,1
7343,VBM,5,1,20,1,,,,,,,,,,,,,,
7344,Election_Day,10,1,10,,,,,,,,,,,,,,,1
7344,VBM,10,4,40,2,1,,,,,,,,,1,,,,
7345,Election_Day,6,3,50,3,,,,,,,,,,,,,,
7345,VBM,6,0,0,,,,,,,,,,,,,,,
7346,Election_Day,4,0,0,,,,,,,,,,,,,,,
7346,VBM,4,1,25,,,,,,,,,,,,,1,,
7347,Election_Day,9,0,0,,,,,,,,,,,,,,,
7347,VBM,9,0,0,,,,,,,,,,,,,,,
7348,Election_Day,8,1,12.5,1,,,,,,,,,,,,,,
7348,VBM,8,3,37.5,,,,,1,,,,,,,,2,,
7349,Election_Day,7,2,28.57,1,,,,,,,,,,,,,,1
7349,VBM,7,1,14.29,1,,,,,,,,,,,,,,
7501,Election_Day,5,1,20,1,,,,,,,,,,,,,,
7501,VBM,5,2,40,1,,,,,,1,,,,,,,,
7502,Election_Day,4,1,25,1,,,,,,,,,,,,,,
7502,VBM,4,0,0,,,,,,,,,,,,,,,
7503,Election_Day,4,1,25,,,,,,,,,,,,,,,1
7503,VBM,4,1,25,1,,,,,,,,,,,,,,
7504,Election_Day,4,0,0,,,,,,,,,,,,,,,
7504,VBM,4,4,100,1,,,,1,,1,,1,,,,,,
7505,Election_Day,2,0,0,,,,,,,,,,,,,,,
7505,VBM,2,3,150,1,,,,1,,,,,,,,,,1
7506,Election_Day,10,1,10,,,,,,,,,,,,,1,,
7506,VBM,10,3,30,2,,1,,,,,,,,,,,,
7507,Election_Day,4,0,0,,,,,,,,,,,,,,,
7507,VBM,4,4,100,1,1,,1,1,,,,,,,,,,
7508,Election_Day,5,0,0,,,,,,,,,,,,,,,
7508,VBM,5,2,40,1,,,,,,,,,,,,1,,
7509/7511,Election_Day,2,0,0,,,,,,,,,,,,,,,
7509/7511,VBM,2,0,0,,,,,,,,,,,,,,,
7512,Election_Day,1,0,0,,,,,,,,,,,,,,,
7512,VBM,1,1,100,,,,,,,,,,,,,1,,
7513,Election_Day,4,2,50,1,,,,,,1,,,,,,,,
7513,VBM,4,0,0,,,,,,,,,,,,,,,
7514,Election_Day,1,0,0,,,,,,,,,,,,,,,
7514,VBM,1,1,100,,,,,,,,1,,,,,,,
7515,Election_Day,2,1,50,,,,,,,,,,,,,,,1
7515,VBM,2,0,0,,,,,,,,,,,,,,,
7516,Election_Day,6,1,16.67,1,,,,,,,,,,,,,,
7516,VBM,6,2,33.33,,,,,,,,,,,,1,,,1
7517,Election_Day,7,2,28.57,1,,,,1,,,,,,,,,,
7517,VBM,7,0,0,,,,,,,,,,,,,,,
7518,Election_Day,4,1,25,1,,,,,,,,,,,,,,
7518,VBM,4,0,0,,,,,,,,,,,,,,,
7519,Election_Day,9,1,11.11,,,,,,,,,,,,,,,1
7519,VBM,9,2,22.22,1,,,,,,,,1,,,,,,
7521,Election_Day,3,0,0,,,,,,,,,,,,,,,
7521,VBM,3,0,0,,,,,,,,,,,,,,,
7522,Election_Day,4,2,50,,,,,1,,,,,,,,,,1
7522,VBM,4,1,25,,,1,,,,,,,,,,,,
7523,Election_Day,4,1,25,,,,,,,,,,,,,,,1
7523,VBM,4,0,0,,,,,,,,,,,,,,,
7524,Election_Day,3,0,0,,,,,,,,,,,,,,,
7524,VBM,3,2,66.67,1,,,,1,,,,,,,,,,
7525,Election_Day,3,2,66.67,1,,,,1,,,,,,,,,,
7525,VBM,3,0,0,,,,,,,,,,,,,,,
7526,Election_Day,5,1,20,1,,,,,,,,,,,,,,
7526,VBM,5,0,0,,,,,,,,,,,,,,,
7527/7528,Election_Day,4,0,0,,,,,,,,,,,,,,,
7527/7528,VBM,4,0,0,,,,,,,,,,,,,,,
7529,Election_Day,5,2,40,1,,,,,,,,,,,,1,,
7529,VBM,5,2,40,1,,,,,,1,,,,,,,,
7531,Election_Day,6,0,0,,,,,,,,,,,,,,,
7531,VBM,6,1,16.67,,,1,,,,,,,,,,,,
7532,Election_Day,5,1,20,,,,,,,,,,,,,,,1
7532,VBM,5,3,60,2,,,,,,,,,,,,1,,
7533,Election_Day,6,2,33.33,1,,,,,,,,,,,,,,1
7533,VBM,6,1,16.67,1,,,,,,,,,,,,,,
7534,Election_Day,6,1,16.67,,,,,,,,,,,,,1,,
7534,VBM,6,2,33.33,1,,,,,,,,,,,,,,1
7535,Election_Day,5,1,20,,,,,,,,,,,,,1,,
7535,VBM,5,4,80,3,,,,,,,,,,,,1,,
7536,Election_Day,5,1,20,,,,1,,,,,,,,,,,
7536,VBM,5,1,20,1,,,,,,,,,,,,,,
7537,Election_Day,5,2,40,1,,,,,,1,,,,,,,,
7537,VBM,5,1,20,1,,,,,,,,,,,,,,
7538,Election_Day,7,4,57.14,1,,,,,,,,,,,1,1,,1
7538,VBM,7,0,0,,,,,,,,,,,,,,,
7539,Election_Day,2,2,100,1,,1,,,,,,,,,,,,
7539,VBM,2,1,50,1,,,,,,,,,,,,,,
7541,Election_Day,3,0,0,,,,,,,,,,,,,,,
7541,VBM,3,0,0,,,,,,,,,,,,,,,
7542,Election_Day,3,1,33.33,,,,,,,,,,,,,,,1
7542,VBM,3,1,33.33,1,,,,,,,,,,,,,,
7543,Election_Day,3,0,0,,,,,,,,,,,,,,,
7543,VBM,3,0,0,,,,,,,,,,,,,,,
7544,Election_Day,3,3,100,2,,,,,,,,,,,,,,1
7544,VBM,3,1,33.33,,,,,,,1,,,,,,,,
7545,Election_Day,7,4,57.14,1,,,,,1,1,,,,,,,,1
7545,VBM,7,3,42.86,3,,,,,,,,,,,,,,
7546,Election_Day,6,1,16.67,1,,,,,,,,,,,,,,
7546,VBM,6,1,16.67,1,,,,,,,,,,,,,,
7547,Election_Day,10,3,30,,,,,,,1,,,,,,,,2
7547,VBM,10,0,0,,,,,,,,,,,,,,,
7548,Election_Day,8,0,0,,,,,,,,,,,,,,,
7548,VBM,8,3,37.5,3,,,,,,,,,,,,,,
7549,Election_Day,3,3,100,2,,,,,,,,,,,,1,,
7549,VBM,3,0,0,,,,,,,,,,,,,,,
7551,Election_Day,1,1,100,,,,,,,,,,,,,1,,
7551,VBM,1,0,0,,,,,,,,,,,,,,,
7552,Election_Day,2,1,50,,,,,,,,,,,,,,,1
7552,VBM,2,1,50,,,,,,,1,,,,,,,,
7553,Election_Day,0,0,0,,,,,,,,,,,,,,,
7553,VBM,0,0,0,,,,,,,,,,,,,,,
7554,Election_Day,6,2,33.33,,,,,1,,,,,,,,1,,
7554,VBM,6,2,33.33,1,,,,,,1,,,,,,,,
7555,Election_Day,2,1,50,,,,,,,,,,,,,1,,
7555,VBM,2,0,0,,,,,,,,,,,,,,,
7556/7557,Election_Day,3,0,0,,,,,,,,,,,,,,,
7556/7557,VBM,3,1,33.33,,,,,,,,,,,,,,,1
7601,Election_Day,3,0,0,,,,,,,,,,,,,,,
7601,VBM,3,0,0,,,,,,,,,,,,,,,
7602,Election_Day,9,1,11.11,1,,,,,,,,,,,,,,
7602,VBM,9,0,0,,,,,,,,,,,,,,,
7603,Election_Day,7,0,0,,,,,,,,,,,,,,,
7603,VBM,7,1,14.29,,,,,,,,,,,,,1,,
7604,Election_Day,8,2,25,,,,,,,1,,1,,,,,,
7604,VBM,8,4,50,,,,,,,2,,,,,1,,,1
7605,Election_Day,3,0,0,,,,,,,,,,,,,,,
7605,VBM,3,1,33.33,,,,,,,,,,,,,1,,
7606,Election_Day,7,2,28.57,,,,,,,1,,,,,,,,1
7606,VBM,7,0,0,,,,,,,,,,,,,,,
7607,Election_Day,11,2,18.18,1,,,,,,,,,1,,,,,
7607,VBM,11,4,36.36,1,,,,,1,,,,,,,1,,1
7608,Election_Day,3,0,0,,,,,,,,,,,,,,,
7608,VBM,3,1,33.33,,,,,,1,,,,,,,,,
7609,Election_Day,3,0,0,,,,,,,,,,,,,,,
7609,VBM,3,2,66.67,1,,,,1,,,,,,,,,,
7611,Election_Day,2,0,0,,,,,,,,,,,,,,,
7611,VBM,2,3,150,1,,,,,,,1,,,,,,,1
7612,Election_Day,3,2,66.67,1,,,,,,,,,,,,1,,
7612,VBM,3,0,0,,,,,,,,,,,,,,,
7613,Election_Day,7,2,28.57,1,,,,,,,,,,,,1,,
7613,VBM,7,2,28.57,,,,,,,,,,,,,1,,1
7614,Election_Day,9,3,33.33,,,,,,,1,,,,,1,,,1
7614,VBM,9,3,33.33,,,,,,,,,,1,,,2,,
7615,Election_Day,9,1,11.11,1,,,,,,,,,,,,,,
7615,VBM,9,2,22.22,,,1,,,,,,,,,1,,,
7616,Election_Day,8,1,12.5,1,,,,,,,,,,,,,,
7616,VBM,8,1,12.5,,,,,,,,,,,,,1,,
7617,Election_Day,5,0,0,,,,,,,,,,,,,,,
7617,VBM,5,2,40,,,,,,,1,,1,,,,,,
7618,Election_Day,9,8,88.89,2,,,,,,,,,,,,6,,
7618,VBM,9,0,0,,,,,,,,,,,,,,,
7619,Election_Day,10,0,0,,,,,,,,,,,,,,,
7619,VBM,10,2,20,1,,,,,,,,,,,,1,,
7621,Election_Day,8,0,0,,,,,,,,,,,,,,,
7621,VBM,8,2,25,2,,,,,,,,,,,,,,
7622,Election_Day,4,1,25,1,,,,,,,,,,,,,,
7622,VBM,4,2,50,1,,,,,,,,1,,,,,,
7623,Election_Day,7,1,14.29,1,,,,,,,,,,,,,,
7623,VBM,7,0,0,,,,,,,,,,,,,,,
7624,Election_Day,5,2,40,,,,,,,1,,,,,,1,,
7624,VBM,5,0,0,,,,,,,,,,,,,,,
7625,Election_Day,4,0,0,,,,,,,,,,,,,,,
7625,VBM,4,2,50,,,,,,1,,,,,,,1,,
7626,Election_Day,6,0,0,,,,,,,,,,,,,,,
7626,VBM,6,3,50,,,,,,,2,,,,,,1,,
7627,Election_Day,11,3,27.27,3,,,,,,,,,,,,,,
7627,VBM,11,3,27.27,2,,,,,,1,,,,,,,,
7628,Election_Day,6,1,16.67,,,,,,,,,,,,,,,1
7628,VBM,6,0,0,,,,,,,,,,,,,,,
7629,Election_Day,10,2,20,,,,1,,,,,,,,,,,1
7629,VBM,10,0,0,,,,,,,,,,,,,,,
7631,Election_Day,9,1,11.11,1,,,,,,,,,,,,,,
7631,VBM,9,1,11.11,,,,,,,,,,,,,1,,
7632,Election_Day,4,0,0,,,,,,,,,,,,,,,
7632,VBM,4,1,25,,,,,,,,,,,1,,,,
7633,Election_Day,3,0,0,,,,,,,,,,,,,,,
7633,VBM,3,3,100,,1,,,,,,,,,,,,,2
7634,Election_Day,4,1,25,,,1,,,,,,,,,,,,
7634,VBM,4,1,25,1,,,,,,,,,,,,,,
7635,Election_Day,12,1,8.33,1,,,,,,,,,,,,,,
7635,VBM,12,1,8.33,,,,,,,,,,,,,,,1
7636,Election_Day,8,1,12.5,,,,,,,,,,,,,,,1
7636,VBM,8,2,25,1,,,,,,,,,,,,,,1
7637,Election_Day,19,2,10.53,1,,,,,,,1,,,,,,,
7637,VBM,19,7,36.84,4,,,,,,,,,,,,2,,1
7638,Election_Day,5,0,0,,,,,,,,,,,,,,,
7638,VBM,5,4,80,3,,,,,,,,,,,,1,,
7639,Election_Day,8,0,0,,,,,,,,,,,,,,,
7639,VBM,8,1,12.5,1,,,,,,,,,,,,,,
7641,Election_Day,6,2,33.33,2,,,,,,,,,,,,,,
7641,VBM,6,2,33.33,2,,,,,,,,,,,,,,
7642,Election_Day,3,0,0,,,,,,,,,,,,,,,
7642,VBM,3,1,33.33,1,,,,,,,,,,,,,,
7643,Election_Day,1,1,100,,1,,,,,,,,,,,,,
7643,VBM,1,1,100,,,,,,,,,,1,,,,,
7644,Election_Day,3,1,33.33,1,,,,,,,,,,,,,,
7644,VBM,3,1,33.33,,,,,,,,,,,,,,,1
7645,Election_Day,2,0,0,,,,,,,,,,,,,,,
7645,VBM,2,0,0,,,,,,,,,,,,,,,
7646,Election_Day,10,2,20,2,,,,,,,,,,,,,,
7646,VBM,10,4,40,1,1,,,,,,,,1,,,1,,
7647,Election_Day,6,3,50,,,,,,,,,,,,,1,,2
7647,VBM,6,1,16.67,,,1,,,,,,,,,,,,
7648,Election_Day,0,0,0,,,,,,,,,,,,,,,
7648,VBM,0,0,0,,,,,,,,,,,,,,,
7701,Election_Day,8,3,37.5,1,,,,,,,,,,,,,,2
7701,VBM,8,2,25,1,,,,,,,,,,,,,,1
7702,Election_Day,6,1,16.67,1,,,,,,,,,,,,,,
7702,VBM,6,3,50,,,,,,,2,,,,,,1,,
7703,Election_Day,0,0,0,,,,,,,,,,,,,,,
7703,VBM,0,0,0,,,,,,,,,,,,,,,
7704,Election_Day,5,3,60,2,,,,,,1,,,,,,,,
7704,VBM,5,1,20,1,,,,,,,,,,,,,,
7705,Election_Day,2,1,50,,,,,,,,,,,,,,,1
7705,VBM,2,0,0,,,,,,,,,,,,,,,
7706,Election_Day,5,3,60,1,,,,1,,1,,,,,,,,
7706,VBM,5,4,80,1,1,,,,,,,1,,,,1,,
7707,Election_Day,6,1,16.67,1,,,,,,,,,,,,,,
7707,VBM,6,0,0,,,,,,,,,,,,,,,
7708,Election_Day,4,0,0,,,,,,,,,,,,,,,
7708,VBM,4,1,25,1,,,,,,,,,,,,,,
7709,Election_Day,1,0,0,,,,,,,,,,,,,,,
7709,VBM,1,2,200,2,,,,,,,,,,,,,,
7711,Election_Day,4,1,25,,,,,,,,,,,,,,,1
7711,VBM,4,2,50,2,,,,,,,,,,,,,,
7712,Election_Day,5,0,0,,,,,,,,,,,,,,,
7712,VBM,5,2,40,,,1,,,,1,,,,,,,,
7801,Election_Day,4,0,0,,,,,,,,,,,,,,,
7801,VBM,4,4,100,4,,,,,,,,,,,,,,
7802,Election_Day,3,1,33.33,,,,,,,,,,,,,,,1
7802,VBM,3,2,66.67,1,,,,,1,,,,,,,,,
7803,Election_Day,1,1,100,,,,,,,1,,,,,,,,
7803,VBM,1,3,300,2,,,,,,,,,,,,,,1
7804,Election_Day,3,0,0,,,,,,,,,,,,,,,
7804,VBM,3,1,33.33,1,,,,,,,,,,,,,,
7805,Election_Day,5,0,0,,,,,,,,,,,,,,,
7805,VBM,5,1,20,1,,,,,,,,,,,,,,
7806,Election_Day,2,3,150,2,,,1,,,,,,,,,,,
7806,VBM,2,0,0,,,,,,,,,,,,,,,
7807,Election_Day,1,0,0,,,,,,,,,,,,,,,
7807,VBM,1,1,100,1,,,,,,,,,,,,,,
7808,Election_Day,1,0,0,,,,,,,,,,,,,,,
7808,VBM,1,0,0,,,,,,,,,,,,,,,
7809,Election_Day,3,2,66.67,,,,,,,,,,,,1,,,1
7809,VBM,3,0,0,,,,,,,,,,,,,,,
7811,Election_Day,6,1,16.67,1,,,,,,,,,,,,,,
7811,VBM,6,1,16.67,,,,,,,,,,,,,1,,
7812,Election_Day,2,0,0,,,,,,,,,,,,,,,
7812,VBM,2,0,0,,,,,,,,,,,,,,,
7813,Election_Day,4,2,50,,,,,,,,,,,1,,,,1
7813,VBM,4,1,25,1,,,,,,,,,,,,,,
7814,Election_Day,3,1,33.33,,,,,,,,,,,,,,,1
7814,VBM,3,0,0,,,,,,,,,,,,,,,
7815,Election_Day,6,1,16.67,,,,1,,,,,,,,,,,
7815,VBM,6,2,33.33,1,1,,,,,,,,,,,,,
7816,Election_Day,4,1,25,1,,,,,,,,,,,,,,
7816,VBM,4,1,25,,,,,,,,,,1,,,,,
7817,Election_Day,7,0,0,,,,,,,,,,,,,,,
7817,VBM,7,4,57.14,2,,,,,,,,,1,,,1,,
7818,Election_Day,4,2,50,1,,,,,,,,,,,,,,1
7818,VBM,4,1,25,1,,,,,,,,,,,,,,
7819,Election_Day,4,0,0,,,,,,,,,,,,,,,
7819,VBM,4,1,25,,,,,,,,,,,,,,,1
7821,Election_Day,3,1,33.33,1,,,,,,,,,,,,,,
7821,VBM,3,3,100,2,,1,,,,,,,,,,,,
7822,Election_Day,3,2,66.67,1,,,,,,,,,,,,1,,
7822,VBM,3,0,0,,,,,,,,,,,,,,,
7823,Election_Day,5,1,20,,,,,,,,,,,,,,,1
7823,VBM,5,1,20,1,,,,,,,,,,,,,,
7824,Election_Day,6,0,0,,,,,,,,,,,,,,,
7824,VBM,6,4,66.67,3,,,,,,,,,,,,1,,
7825,Election_Day,2,0,0,,,,,,,,,,,,,,,
7825,VBM,2,0,0,,,,,,,,,,,,,,,
7826,Election_Day,2,0,0,,,,,,,,,,,,,,,
7826,VBM,2,0,0,,,,,,,,,,,,,,,
7827,Election_Day,8,1,12.5,,,,,,,,,,,,,,,1
7827,VBM,8,3,37.5,2,,,,,,,,,,,,1,,
7828,Election_Day,9,0,0,,,,,,,,,,,,,,,
7828,VBM,9,3,33.33,2,,,,,,,,,,,,,,1
7829,Election_Day,5,1,20,,,1,,,,,,,,,,,,
7829,VBM,5,0,0,,,,,,,,,,,,,,,
7831,Election_Day,1,0,0,,,,,,,,,,,,,,,
7831,VBM,1,0,0,,,,,,,,,,,,,,,
7832,Election_Day,5,2,40,,,,,1,,,,,,,,1,,
7832,VBM,5,2,40,,,,,,,1,,,,,,1,,
7833,Election_Day,4,0,0,,,,,,,,,,,,,,,
7833,VBM,4,2,50,1,,,,,,,,,,,,1,,
7834,Election_Day,5,1,20,,,,,,,,,1,,,,,,
7834,VBM,5,1,20,,,,,,,,,,,,,1,,
7835,Election_Day,3,0,0,,,,,,,,,,,,,,,
7835,VBM,3,1,33.33,1,,,,,,,,,,,,,,
7836,Election_Day,7,1,14.29,1,,,,,,,,,,,,,,
7836,VBM,7,3,42.86,2,,,,,,,,,,,,,,1
7837,Election_Day,3,2,66.67,1,,,,,,,,,1,,,,,
7837,VBM,3,0,0,,,,,,,,,,,,,,,
7838,Election_Day,5,0,0,,,,,,,,,,,,,,,
7838,VBM,5,2,40,,,1,,,,,,1,,,,,,
7839,Election_Day,2,1,50,,,,,,,,,,,,,,,1
7839,VBM,2,1,50,1,,,,,,,,,,,,,,
7841,Election_Day,3,0,0,,,,,,,,,,,,,,,
7841,VBM,3,1,33.33,1,,,,,,,,,,,,,,
7842,Election_Day,6,2,33.33,,,,,,,,,,,,,,,2
7842,VBM,6,2,33.33,1,,,,,1,,,,,,,,,
7843,Election_Day,6,1,16.67,,,,,,,,,,,,,,,1
7843,VBM,6,2,33.33,1,,,,,,,,,,,,,,1
7844,Election_Day,4,0,0,,,,,,,,,,,,,,,
7844,VBM,4,3,75,2,,,,,,,,,,,,,,1
7845,Election_Day,5,2,40,1,,,,,,,,,,,,1,,
7845,VBM,5,1,20,1,,,,,,,,,,,,,,
7846,Election_Day,4,1,25,1,,,,,,,,,,,,,,
7846,VBM,4,2,50,1,,,,,,,,,,,,,,1
7847,Election_Day,2,0,0,,,,,,,,,,,,,,,
7847,VBM,2,0,0,,,,,,,,,,,,,,,
7848,Election_Day,5,1,20,1,,,,,,,,,,,,,,
7848,VBM,5,2,40,1,,,,,,1,,,,,,,,
7849,Election_Day,1,0,0,,,,,,,,,,,,,,,
7849,VBM,1,2,200,1,,,,,,,,,,,,1,,
7851,Election_Day,1,0,0,,,,,,,,,,,,,,,
7851,VBM,1,0,0,,,,,,,,,,,,,,,
7852,Election_Day,3,1,33.33,1,,,,,,,,,,,,,,
7852,VBM,3,2,66.67,1,,,,,,,,,,,,,,1
7853,Election_Day,3,2,66.67,2,,,,,,,,,,,,,,
7853,VBM,3,0,0,,,,,,,,,,,,,,,
7854,Election_Day,5,1,20,1,,,,,,,,,,,,,,
7854,VBM,5,2,40,1,,,,,,,,,,,,,,1
7855,Election_Day,5,1,20,,,,,1,,,,,,,,,,
7855,VBM,5,2,40,1,,,,,,,,1,,,,,,
7856,Election_Day,2,0,0,,,,,,,,,,,,,,,
7856,VBM,2,2,100,,,,,,,,,,,,,,,2
7857,Election_Day,4,0,0,,,,,,,,,,,,,,,
7857,VBM,4,1,25,,,,,,,,,,,,,1,,
7858,Election_Day,2,0,0,,,,,,,,,,,,,,,
7858,VBM,2,0,0,,,,,,,,,,,,,,,
7859,Election_Day,5,1,20,1,,,,,,,,,,,,,,
7859,VBM,5,4,80,2,,,,,,,,,,,,1,,1
7861,Election_Day,3,1,33.33,1,,,,,,,,,,,,,,
7861,VBM,3,1,33.33,,,,,,,,,,,,,1,,
7862,Election_Day,4,0,0,,,,,,,,,,,,,,,
7862,VBM,4,1,25,1,,,,,,,,,,,,,,
7863,Election_Day,1,1,100,,,,,,1,,,,,,,,,
7863,VBM,1,0,0,,,,,,,,,,,,,,,
7864,Election_Day,2,1,50,1,,,,,,,,,,,,,,
7864,VBM,2,0,0,,,,,,,,,,,,,,,
7865,Election_Day,2,1,50,1,,,,,,,,,,,,,,
7865,VBM,2,2,100,1,,,,,,,,1,,,,,,
7866,Election_Day,10,1,10,,,,,,,,,,,,,,,1
7866,VBM,10,4,40,1,,,,,,,,1,,,,,,2
7867,Election_Day,5,2,40,1,,,,,,,,,,,,1,,
7867,VBM,5,1,20,1,,,,,,,,,,,,,,
7868,Election_Day,2,0,0,,,,,,,,,,,,,,,
7868,VBM,2,0,0,,,,,,,,,,,,,,,
7869,Election_Day,4,2,50,1,,,,,1,,,,,,,,,
7869,VBM,4,0,0,,,,,,,,,,,,,,,
7871,Election_Day,4,1,25,,,,,,,,,,,,,,,1
7871,VBM,4,1,25,1,,,,,,,,,,,,,,
7872,Election_Day,5,0,0,,,,,,,,,,,,,,,
7872,VBM,5,3,60,1,,1,,,,,,,,,,,,1
7873,Election_Day,4,0,0,,,,,,,,,,,,,,,
7873,VBM,4,1,25,,,,,,,,,,,,,1,,
7874,Election_Day,0,1,0,,,,,,,,,,,,,1,,
7874,VBM,0,0,0,,,,,,,,,,,,,,,
7875,Election_Day,4,0,0,,,,,,,,,,,,,,,
7875,VBM,4,0,0,,,,,,,,,,,,,,,
7901,Election_Day,2,1,50,,,,,,,,,,,,,1,,
7901,VBM,2,0,0,,,,,,,,,,,,,,,
7902,Election_Day,8,1,12.5,,,,,,,,1,,,,,,,
7902,VBM,8,1,12.5,,,,,,,1,,,,,,,,
7903,Election_Day,6,0,0,,,,,,,,,,,,,,,
7903,VBM,6,1,16.67,,,,,,,,,,,,,,,1
7904,Election_Day,4,1,25,,,,,,,,,,,,,1,,
7904,VBM,4,2,50,1,,,,,,,,,,,,,,1
7905,Election_Day,11,3,27.27,,,,,,,1,1,,,,,,,1
7905,VBM,11,3,27.27,2,,,,,,,,1,,,,,,
7906,Election_Day,9,3,33.33,1,,,,,,,,,,,,,,2
7906,VBM,9,3,33.33,1,,,,1,,1,,,,,,,,
7907,Election_Day,5,3,60,1,,,,,,,,,,,,,,2
7907,VBM,5,0,0,,,,,,,,,,,,,,,
7908,Election_Day,3,0,0,,,,,,,,,,,,,,,
7908,VBM,3,1,33.33,,,,,,,,,,,,,,,1
7909,Election_Day,6,2,33.33,,,,,,,1,,,,,,1,,
7909,VBM,6,1,16.67,,,,,,,,,,,,,1,,
7911,Election_Day,1,0,0,,,,,,,,,,,,,,,
7911,VBM,1,1,100,,,,,,,1,,,,,,,,
7912,Election_Day,1,0,0,,,,,,,,,,,,,,,
7912,VBM,1,0,0,,,,,,,,,,,,,,,
7913,Election_Day,6,1,16.67,,,,,,,,,,,,,,,1
7913,VBM,6,0,0,,,,,,,,,,,,,,,
7914,Election_Day,7,1,14.29,1,,,,,,,,,,,,,,
7914,VBM,7,2,28.57,1,,,,,,1,,,,,,,,
7915,Election_Day,3,0,0,,,,,,,,,,,,,,,
7915,VBM,3,0,0,,,,,,,,,,,,,,,
7916,Election_Day,1,0,0,,,,,,,,,,,,,,,
7916,VBM,1,0,0,,,,,,,,,,,,,,,
7917,Election_Day,5,1,20,,,,,,,,,1,,,,,,
7917,VBM,5,0,0,,,,,,,,,,,,,,,
7918,Election_Day,4,0,0,,,,,,,,,,,,,,,
7918,VBM,4,0,0,,,,,,,,,,,,,,,
7919,Election_Day,6,0,0,,,,,,,,,,,,,,,
7919,VBM,6,1,16.67,,,,,,,,,,,,,,,1
7921,Election_Day,2,0,0,,,,,,,,,,,,,,,
7921,VBM,2,0,0,,,,,,,,,,,,,,,
7922,Election_Day,3,2,66.67,1,,,,,,,,,,,,1,,
7922,VBM,3,0,0,,,,,,,,,,,,,,,
7923,Election_Day,2,0,0,,,,,,,,,,,,,,,
7923,VBM,2,0,0,,,,,,,,,,,,,,,
7924,Election_Day,2,0,0,,,,,,,,,,,,,,,
7924,VBM,2,1,50,,,,,1,,,,,,,,,,
7925,Election_Day,3,0,0,,,,,,,,,,,,,,,
7925,VBM,3,0,0,,,,,,,,,,,,,,,
7926,Election_Day,3,1,33.33,,,,,,1,,,,,,,,,
7926,VBM,3,2,66.67,,,,,,,1,,,,,,,,1
7927,Election_Day,3,0,0,,,,,,,,,,,,,,,
7927,VBM,3,1,33.33,,,,,,,,,,,,,1,,
7928,Election_Day,9,1,11.11,1,,,,,,,,,,,,,,
7928,VBM,9,2,22.22,1,,,,,,1,,,,,,,,
7929,Election_Day,3,0,0,,,,,,,,,,,,,,,
7929,VBM,3,3,100,,,,,,,,,,,,2,1,,
7931,Election_Day,4,1,25,1,,,,,,,,,,,,,,
7931,VBM,4,1,25,,,,,,,1,,,,,,,,
7932,Election_Day,0,1,0,1,,,,,,,,,,,,,,
7932,VBM,0,0,0,,,,,,,,,,,,,,,
7933,Election_Day,0,0,0,,,,,,,,,,,,,,,
7933,VBM,0,0,0,,,,,,,,,,,,,,,
7934,Election_Day,3,0,0,,,,,,,,,,,,,,,
7934,VBM,3,0,0,,,,,,,,,,,,,,,
7935,Election_Day,1,1,100,,,,,,,,,,,,,,,1
7935,VBM,1,1,100,,,,,,,,,,,,,,,1
7936,Election_Day,2,1,50,,1,,,,,,,,,,,,,
7936,VBM,2,0,0,,,,,,,,,,,,,,,
7937,Election_Day,3,0,0,,,,,,,,,,,,,,,
7937,VBM,3,2,66.67,1,,,,1,,,,,,,,,,
7938,Election_Day,4,1,25,,,,,1,,,,,,,,,,
7938,VBM,4,2,50,,1,,,,,,,,,1,,,,
7939,Election_Day,0,0,0,,,,,,,,,,,,,,,
7939,VBM,0,0,0,,,,,,,,,,,,,,,
7941,Election_Day,4,3,75,3,,,,,,,,,,,,,,
7941,VBM,4,3,75,2,,1,,,,,,,,,,,,
7942,Election_Day,7,1,14.29,1,,,,,,,,,,,,,,
7942,VBM,7,1,14.29,1,,,,,,,,,,,,,,
7943,Election_Day,2,0,0,,,,,,,,,,,,,,,
7943,VBM,2,0,0,,,,,,,,,,,,,,,
7944,Election_Day,5,0,0,,,,,,,,,,,,,,,
7944,VBM,5,0,0,,,,,,,,,,,,,,,
7945,Election_Day,3,0,0,,,,,,,,,,,,,,,
7945,VBM,3,0,0,,,,,,,,,,,,,,,
7946,Election_Day,1,1,100,,,,,,,,,,,,,,,1
7946,VBM,1,0,0,,,,,,,,,,,,,,,
7947,Election_Day,2,0,0,,,,,,,,,,,,,,,
7947,VBM,2,0,0,,,,,,,,,,,,,,,
7948,Election_Day,4,0,0,,,,,,,,,,,,,,,
7948,VBM,4,2,50,,,,,,,,,,,,,1,,1
7949,Election_Day,5,3,60,2,,,,,1,,,,,,,,,
7949,VBM,5,1,20,,,,,,,,,,,,,1,,
7951,Election_Day,1,1,100,,,,,,,,,,,,,,,1
7951,VBM,1,0,0,,,,,,,,,,,,,,,
7952,Election_Day,1,0,0,,,,,,,,,,,,,,,
7952,VBM,1,1,100,,,,,,1,,,,,,,,,
7953,Election_Day,4,0,0,,,,,,,,,,,,,,,
7953,VBM,4,3,75,1,,,,,,2,,,,,,,,
7954,Election_Day,0,0,0,,,,,,,,,,,,,,,
7954,VBM,0,0,0,,,,,,,,,,,,,,,
7955,Election_Day,2,0,0,,,,,,,,,,,,,,,
7955,VBM,2,0,0,,,,,,,,,,,,,,,
7956,Election_Day,1,1,100,,,,,,,1,,,,,,,,
7956,VBM,1,2,200,,,,,,,,,,,2,,,,
7957,Election_Day,3,1,33.33,1,,,,,,,,,,,,,,
7957,VBM,3,1,33.33,,,,,,,,,,,,,1,,
7958,Election_Day,0,0,0,,,,,,,,,,,,,,,
7958,VBM,0,0,0,,,,,,,,,,,,,,,
9001,Election_Day,1,0,0,,,,,,,,,,,,,,,
9001,VBM,1,0,0,,,,,,,,,,,,,,,
9101,Election_Day,7,2,28.57,,,,,,,,1,,,,,,,1
9101,VBM,7,1,14.29,1,,,,,,,,,,,,,,
9102,Election_Day,4,0,0,,,,,,,,,,,,,,,
9102,VBM,4,3,75,2,,,,,,,,1,,,,,,
9103,Election_Day,3,0,0,,,,,,,,,,,,,,,
9103,VBM,3,0,0,,,,,,,,,,,,,,,
9104,Election_Day,6,1,16.67,1,,,,,,,,,,,,,,
9104,VBM,6,2,33.33,,,,,,,,,,,,,,,2
9105,Election_Day,7,3,42.86,2,,,,,,,,,,,,,,1
9105,VBM,7,0,0,,,,,,,,,,,,,,,
9106,Election_Day,5,2,40,1,,,,,,,,,,,,1,,
9106,VBM,5,1,20,,,,,,,,,,,,,,,1
9107,Election_Day,2,1,50,,,,,,,1,,,,,,,,
9107,VBM,2,2,100,,,,,,,,,2,,,,,,
9108,Election_Day,4,1,25,,,,,,,,,,,,,,,1
9108,VBM,4,1,25,,,,,,,1,,,,,,,,
9109,Election_Day,5,0,0,,,,,,,,,,,,,,,
9109,VBM,5,1,20,,1,,,,,,,,,,,,,
9111,Election_Day,5,0,0,,,,,,,,,,,,,,,
9111,VBM,5,0,0,,,,,,,,,,,,,,,
9112,Election_Day,2,0,0,,,,,,,,,,,,,,,
9112,VBM,2,0,0,,,,,,,,,,,,,,,
9113,Election_Day,3,1,33.33,,,,,,,,,,,,,1,,
9113,VBM,3,1,33.33,1,,,,,,,,,,,,,,
9114,Election_Day,3,1,33.33,1,,,,,,,,,,,,,,
9114,VBM,3,0,0,,,,,,,,,,,,,,,
9115,Election_Day,6,1,16.67,1,,,,,,,,,,,,,,
9115,VBM,6,1,16.67,,,,,,,1,,,,,,,,
9116,Election_Day,3,0,0,,,,,,,,,,,,,,,
9116,VBM,3,1,33.33,1,,,,,,,,,,,,,,
9117,Election_Day,8,4,50,3,,,,,,,,,,,,1,,
9117,VBM,8,2,25,,1,,,,,1,,,,,,,,
9118,Election_Day,2,0,0,,,,,,,,,,,,,,,
9118,VBM,2,1,50,,,,,,,,,,,,,,,1
9119,Election_Day,9,4,44.44,3,,,,,,,,,,,,1,,
9119,VBM,9,2,22.22,1,,,,,,1,,,,,,,,
9121,Election_Day,4,1,25,1,,,,,,,,,,,,,,
9121,VBM,4,0,0,,,,,,,,,,,,,,,
9122,Election_Day,2,0,0,,,,,,,,,,,,,,,
9122,VBM,2,1,50,,,,,,,1,,,,,,,,
9123,Election_Day,6,2,33.33,1,,,,,,,,,,,,,,1
9123,VBM,6,2,33.33,1,,,,,,,,,,,,1,,
9124,Election_Day,4,1,25,1,,,,,,,,,,,,,,
9124,VBM,4,0,0,,,,,,,,,,,,,,,
9125,Election_Day,3,1,33.33,1,,,,,,,,,,,,,,
9125,VBM,3,1,33.33,,,,,,,,,,,,,1,,
9126,Election_Day,2,1,50,1,,,,,,,,,,,,,,
9126,VBM,2,1,50,,,,,,,,,,,,,1,,
9127,Election_Day,5,2,40,,,,,,,,,,,,,2,,
9127,VBM,5,1,20,,,,,,,,,,,,,1,,
9128,Election_Day,3,2,66.67,1,,,,,,,,,,,,1,,
9128,VBM,3,1,33.33,,,,,,,,,,,,,1,,
9129,Election_Day,4,0,0,,,,,,,,,,,,,,,
9129,VBM,4,4,100,1,,,,,,,1,,,,,1,,1
9131,Election_Day,4,0,0,,,,,,,,,,,,,,,
9131,VBM,4,5,125,1,,,,,,1,,,,,,1,,2
9132,Election_Day,3,0,0,,,,,,,,,,,,,,,
9132,VBM,3,2,66.67,,,,,,,,,1,,,,,,1
9133,Election_Day,4,1,25,,,,,,,,,,,,1,,,
9133,VBM,4,0,0,,,,,,,,,,,,,,,
9134,Election_Day,6,1,16.67,,,,1,,,,,,,,,,,
9134,VBM,6,3,50,1,,,,,,,,,,,,,,2
9135,Election_Day,6,3,50,1,,,,,,1,,,,,,1,,
9135,VBM,6,0,0,,,,,,,,,,,,,,,
9136,Election_Day,4,1,25,1,,,,,,,,,,,,,,
9136,VBM,4,0,0,,,,,,,,,,,,,,,
9137,Election_Day,3,0,0,,,,,,,,,,,,,,,
9137,VBM,3,2,66.67,,,1,1,,,,,,,,,,,
9138,Election_Day,3,1,33.33,,,,,,1,,,,,,,,,
9138,VBM,3,1,33.33,,,,,1,,,,,,,,,,
9139,Election_Day,5,2,40,,,,,,,1,,,,,,1,,
9139,VBM,5,1,20,,,,,,,,,,,,,,,1
9141,Election_Day,4,1,25,1,,,,,,,,,,,,,,
9141,VBM,4,1,25,1,,,,,,,,,,,,,,
9142,Election_Day,6,0,0,,,,,,,,,,,,,,,
9142,VBM,6,1,16.67,,,,,,,,,,,,1,,,
9143,Election_Day,6,2,33.33,,,1,,,,,,,,,,,,1
9143,VBM,6,0,0,,,,,,,,,,,,,,,
9144,Election_Day,1,0,0,,,,,,,,,,,,,,,
9144,VBM,1,1,100,1,,,,,,,,,,,,,,
9145,Election_Day,6,1,16.67,,,1,,,,,,,,,,,,
9145,VBM,6,0,0,,,,,,,,,,,,,,,
9146,Election_Day,6,0,0,,,,,,,,,,,,,,,
9146,VBM,6,3,50,1,,,,,,,,,,,,,,2
9147,Election_Day,3,1,33.33,,,,,,,,,,,,,,,1
9147,VBM,3,0,0,,,,,,,,,,,,,,,
9148,Election_Day,7,1,14.29,1,,,,,,,,,,,,,,
9148,VBM,7,1,14.29,1,,,,,,,,,,,,,,
9149,Election_Day,6,2,33.33,,,,,,,,,,,,,,,2
9149,VBM,6,1,16.67,,,,,,,,,,,,,,,1
9151,Election_Day,3,3,100,1,,,,,,1,,,,,,,,1
9151,VBM,3,2,66.67,,,,,,,1,,,,,,,,1
9152,Election_Day,5,0,0,,,,,,,,,,,,,,,
9152,VBM,5,1,20,1,,,,,,,,,,,,,,
9201,Election_Day,9,2,22.22,1,,,,,,,,,,,,,,1
9201,VBM,9,1,11.11,,,1,,,,,,,,,,,,
9202,Election_Day,7,2,28.57,,,,,,,,,,,,,1,,1
9202,VBM,7,0,0,,,,,,,,,,,,,,,
9203,Election_Day,5,2,40,1,,,,,,,,,,,,,,1
9203,VBM,5,1,20,1,,,,,,,,,,,,,,
9204,Election_Day,2,1,50,1,,,,,,,,,,,,,,
9204,VBM,2,1,50,,,,,,,,,,,,,,,1
9205,Election_Day,9,2,22.22,1,,,,,,,,,,,1,,,
9205,VBM,9,1,11.11,,,,,,,1,,,,,,,,
9206,Election_Day,8,1,12.5,1,,,,,,,,,,,,,,
9206,VBM,8,3,37.5,3,,,,,,,,,,,,,,
9207,Election_Day,7,2,28.57,2,,,,,,,,,,,,,,
9207,VBM,7,2,28.57,,,,,,,1,,,,,,1,,
9208,Election_Day,5,0,0,,,,,,,,,,,,,,,
9208,VBM,5,2,40,1,,,,,,1,,,,,,,,
9209,Election_Day,5,3,60,2,,,,,,,,,,,,,,1
9209,VBM,5,3,60,3,,,,,,,,,,,,,,
9211,Election_Day,6,2,33.33,1,,,,,,,,,,,,,,1
9211,VBM,6,0,0,,,,,,,,,,,,,,,
9212,Election_Day,8,0,0,,,,,,,,,,,,,,,
9212,VBM,8,3,37.5,3,,,,,,,,,,,,,,
9213,Election_Day,11,3,27.27,2,,,,,,,,,,,,1,,
9213,VBM,11,2,18.18,,,,,,,,,,,,,,,2
9214,Election_Day,4,2,50,1,1,,,,,,,,,,,,,
9214,VBM,4,1,25,,,,,,,,,,,,,,,1
9215,Election_Day,7,3,42.86,2,,,,,,,,,,,,1,,
9215,VBM,7,0,0,,,,,,,,,,,,,,,
9216,Election_Day,8,3,37.5,1,,,,,,1,,,,,,,,1
9216,VBM,8,0,0,,,,,,,,,,,,,,,
9217,Election_Day,7,2,28.57,1,,,,,,,,,,,,,,1
9217,VBM,7,2,28.57,1,,,,,,,,,,,,1,,
9218,Election_Day,11,2,18.18,,,,,,,1,,,,,,,,1
9218,VBM,11,1,9.09,,,,,,,1,,,,,,,,
9219,Election_Day,15,2,13.33,1,,,,,,,,,,,,,,1
9219,VBM,15,0,0,,,,,,,,,,,,,,,
9221,Election_Day,3,1,33.33,,1,,,,,,,,,,,,,
9221,VBM,3,2,66.67,,,,,,1,,,,,,,,,1
9222,Election_Day,7,0,0,,,,,,,,,,,,,,,
9222,VBM,7,1,14.29,,,,1,,,,,,,,,,,
9223,Election_Day,3,0,0,,,,,,,,,,,,,,,
9223,VBM,3,1,33.33,1,,,,,,,,,,,,,,
9224,Election_Day,5,0,0,,,,,,,,,,,,,,,
9224,VBM,5,1,20,,,,,,,1,,,,,,,,
9225,Election_Day,8,3,37.5,2,,,,,,,,,,,,,,1
9225,VBM,8,2,25,1,,,,,,,,,,,,1,,
9226,Election_Day,11,0,0,,,,,,,,,,,,,,,
9226,VBM,11,3,27.27,2,,,,,,,,,,,,,,1
9227,Election_Day,9,2,22.22,1,,,,,,,,1,,,,,,
9227,VBM,9,4,44.44,3,,,,,,,,,,,,,,1
9228,Election_Day,2,1,50,1,,,,,,,,,,,,,,
9228,VBM,2,0,0,,,,,,,,,,,,,,,
9229,Election_Day,1,2,200,,,,,,,1,,,,,,,,1
9229,VBM,1,0,0,,,,,,,,,,,,,,,
9231,Election_Day,6,2,33.33,2,,,,,,,,,,,,,,
9231,VBM,6,1,16.67,1,,,,,,,,,,,,,,
9232,Election_Day,2,0,0,,,,,,,,,,,,,,,
9232,VBM,2,0,0,,,,,,,,,,,,,,,
9233,Election_Day,2,4,200,3,,,,,,,,,,,1,,,
9233,VBM,2,2,100,1,,,,,,,,,,,,,,1
9234,Election_Day,1,0,0,,,,,,,,,,,,,,,
9234,VBM,1,1,100,,1,,,,,,,,,,,,,
9235,Election_Day,7,2,28.57,,1,,,,,,,,,,,,,1
9235,VBM,7,3,42.86,2,,,,,,,,,,,,,,1
9236,Election_Day,6,1,16.67,1,,,,,,,,,,,,,,
9236,VBM,6,0,0,,,,,,,,,,,,,,,
9237,Election_Day,10,1,10,1,,,,,,,,,,,,,,
9237,VBM,10,3,30,1,,,,,,,,,,,,,,2
9238,Election_Day,1,0,0,,,,,,,,,,,,,,,
9238,VBM,1,1,100,,,,,,,,,,,,,,,1
9239,Election_Day,3,0,0,,,,,,,,,,,,,,,
9239,VBM,3,0,0,,,,,,,,,,,,,,,
9241,Election_Day,12,1,8.33,1,,,,,,,,,,,,,,
9241,VBM,12,5,41.67,4,,,,,,1,,,,,,,,
9242,Election_Day,5,0,0,,,,,,,,,,,,,,,
9242,VBM,5,3,60,,,1,,,,,,,,,,1,,1
9243,Election_Day,2,0,0,,,,,,,,,,,,,,,
9243,VBM,2,0,0,,,,,,,,,,,,,,,
9244,Election_Day,5,0,0,,,,,,,,,,,,,,,
9244,VBM,5,0,0,,,,,,,,,,,,,,,
9245,Election_Day,3,1,33.33,,,,,,,,,,,,,,,1
9245,VBM,3,0,0,,,,,,,,,,,,,,,
9246,Election_Day,6,0,0,,,,,,,,,,,,,,,
9246,VBM,6,2,33.33,2,,,,,,,,,,,,,,
9247,Election_Day,6,4,66.67,1,,,,,,,,1,,,,1,,1
9247,VBM,6,2,33.33,1,,,,,,1,,,,,,,,
9248,Election_Day,9,1,11.11,1,,,,,,,,,,,,,,
9248,VBM,9,2,22.22,2,,,,,,,,,,,,,,
9249,Election_Day,4,1,25,1,,,,,,,,,,,,,,
9249,VBM,4,1,25,1,,,,,,,,,,,,,,
9251,Election_Day,1,1,100,1,,,,,,,,,,,,,,
9251,VBM,1,0,0,,,,,,,,,,,,,,,
9252,Election_Day,6,4,66.67,3,,,,,,,,,,,,,,1
9252,VBM,6,2,33.33,1,,,,,,,,,,,,,,1
9253,Election_Day,4,0,0,,,,,,,,,,,,,,,
9253,VBM,4,4,100,2,1,,,,,1,,,,,,,,
9254,Election_Day,6,0,0,,,,,,,,,,,,,,,
9254,VBM,6,1,16.67,,,1,,,,,,,,,,,,
9255,Election_Day,3,0,0,,,,,,,,,,,,,,,
9255,VBM,3,0,0,,,,,,,,,,,,,,,
9256,Election_Day,1,0,0,,,,,,,,,,,,,,,
9256,VBM,1,1,100,1,,,,,,,,,,,,,,
9257,Election_Day,1,0,0,,,,,,,,,,,,,,,
9257,VBM,1,1,100,1,,,,,,,,,,,,,,
9258,Election_Day,4,1,25,,,,,,,1,,,,,,,,
9258,VBM,4,1,25,1,,,,,,,,,,,,,,
9401,Election_Day,9,2,22.22,,,,,,,1,,,,,,,,1
9401,VBM,9,0,0,,,,,,,,,,,,,,,
9402,Election_Day,6,2,33.33,1,,,,,,,,,,,,,,1
9402,VBM,6,0,0,,,,,,,,,,,,,,,
9403,Election_Day,2,1,50,,,,,,,,,,,,,,,1
9403,VBM,2,3,150,,,,,,,,,,,,,2,,1
9404,Election_Day,3,2,66.67,1,,,,,,,,,,,,1,,
9404,VBM,3,3,100,,,,,,,,,,,,,,,3
9405,Election_Day,3,0,0,,,,,,,,,,,,,,,
9405,VBM,3,1,33.33,,,,,,,,,,,,,1,,
9406,Election_Day,4,1,25,,,,,,,,,,,,,,,1
9406,VBM,4,0,0,,,,,,,,,,,,,,,
9407,Election_Day,4,0,0,,,,,,,,,,,,,,,
9407,VBM,4,1,25,,,,,,,,,,,,,,,1
9408,Election_Day,2,2,100,,,,,,,,,,,,,,,2
9408,VBM,2,2,100,1,,,,,,,,,,,,1,,
9409,Election_Day,5,1,20,,,,,,,,,,,,,1,,
9409,VBM,5,1,20,,,,,,,,,,,,,1,,
9411,Election_Day,12,2,16.67,1,,,,,1,,,,,,,,,
9411,VBM,12,5,41.67,3,,,,,,1,,,,,1,,,
9412,Election_Day,3,2,66.67,1,,,,,,,,,,1,,,,
9412,VBM,3,0,0,,,,,,,,,,,,,,,
9413,Election_Day,7,2,28.57,1,,,,,,,,,,,,,,1
9413,VBM,7,3,42.86,1,,,,,1,1,,,,,,,,
9414,Election_Day,5,0,0,,,,,,,,,,,,,,,
9414,VBM,5,1,20,,,,,,,,,,,,,,,1
9415,Election_Day,2,1,50,1,,,,,,,,,,,,,,
9415,VBM,2,2,100,1,,,,,,,,,,,,1,,
9416,Election_Day,0,0,0,,,,,,,,,,,,,,,
9416,VBM,0,1,0,,,,,,,,,,,,,,,1
9417,Election_Day,4,1,25,,,,,,,,,,,,,,,1
9417,VBM,4,1,25,,,,,,,,,,,,,,,1
9418,Election_Day,10,1,10,,,,,,,,,,,,,1,,
9418,VBM,10,4,40,3,,,,,,1,,,,,,,,
9419,Election_Day,4,4,100,,,,,,1,1,,,,,,1,1,
9419,VBM,4,4,100,,1,1,,,,1,,,,,1,,,
9421,Election_Day,4,0,0,,,,,,,,,,,,,,,
9421,VBM,4,4,100,2,,,,,,1,,,,1,,,,
9422,Election_Day,6,1,16.67,,,,,,,,,,,,,1,,
9422,VBM,6,1,16.67,1,,,,,,,,,,,,,,
9423,Election_Day,0,0,0,,,,,,,,,,,,,,,
9423,VBM,0,1,0,,,,,,,,,1,,,,,,
9424,Election_Day,5,0,0,,,,,,,,,,,,,,,
9424,VBM,5,1,20,,,,,,,1,,,,,,,,
9425,Election_Day,6,0,0,,,,,,,,,,,,,,,
9425,VBM,6,3,50,,,,,,,,,,,,,1,,2
9426,Election_Day,2,0,0,,,,,,,,,,,,,,,
9426,VBM,2,3,150,,,,,,,,,,,,,1,,2
9427,Election_Day,0,0,0,,,,,,,,,,,,,,,
9427,VBM,0,2,0,,,,,,,,,,,,,2,,
9428,Election_Day,4,1,25,1,,,,,,,,,,,,,,
9428,VBM,4,3,75,2,,,,,,,,,,,,1,,
9429,Election_Day,4,1,25,,,1,,,,,,,,,,,,
9429,VBM,4,0,0,,,,,,,,,,,,,,,
9431,Election_Day,3,0,0,,,,,,,,,,,,,,,
9431,VBM,3,2,66.67,,,,,,,1,,,,,,,,1
9432,Election_Day,5,1,20,1,,,,,,,,,,,,,,
9432,VBM,5,2,40,,,,,,,,,,1,,,,,1
9433,Election_Day,5,2,40,1,,,,,,1,,,,,,,,
9433,VBM,5,2,40,1,,1,,,,,,,,,,,,
9434,Election_Day,4,3,75,1,,,,,,,,,,,,,,2
9434,VBM,4,0,0,,,,,,,,,,,,,,,
9435,Election_Day,1,0,0,,,,,,,,,,,,,,,
9435,VBM,1,1,100,,,,,,,,,,,,,,,1
9436,Election_Day,5,3,60,2,,,,,,,,,,,,1,,
9436,VBM,5,0,0,,,,,,,,,,,,,,,
9437,Election_Day,5,2,40,1,,,,,,,,,,,,,,1
9437,VBM,5,2,40,2,,,,,,,,,,,,,,
9438,Election_Day,8,5,62.5,2,,,,,,,,1,,,,1,,1
9438,VBM,8,3,37.5,1,,,,,,,,,,,,1,,1
9439,Election_Day,7,2,28.57,1,,,,,,1,,,,,,,,
9439,VBM,7,3,42.86,1,,,,,,1,,,,,,,,1
9441,Election_Day,6,3,50,,,,,,1,1,,,,,,,,1
9441,VBM,6,1,16.67,,,,,,,,,,,,,1,,
9442,Election_Day,1,0,0,,,,,,,,,,,,,,,
9442,VBM,1,3,300,,,,,,,,,,,,,2,,1
9443,Election_Day,1,1,100,1,,,,,,,,,,,,,,
9443,VBM,1,2,200,,,,1,,,,1,,,,,,,
9444,Election_Day,5,0,0,,,,,,,,,,,,,,,
9444,VBM,5,3,60,,,,,,,,,,,,,1,,2
9445,Election_Day,8,1,12.5,,,,,,,,,,,,,1,,
9445,VBM,8,6,75,,,,,,,,,,1,,,1,,4
9446,Election_Day,6,3,50,1,,,,,,,,,,,,1,,1
9446,VBM,6,2,33.33,,,1,,,,,,,,,,1,,
9447,Election_Day,11,2,18.18,2,,,,,,,,,,,,,,
9447,VBM,11,5,45.45,,,,1,,,,,,,,,1,,3
9448,Election_Day,8,1,12.5,,,,,,,,,,,,,,,1
9448,VBM,8,3,37.5,2,,,,,,,,,,,1,,,
9449,Election_Day,7,0,0,,,,,,,,,,,,,,,
9449,VBM,7,4,57.14,2,,,,,,,,,,,,,,2
9451,Election_Day,1,2,200,,,,,,,,,,1,,,,,1
9451,VBM,1,1,100,1,,,,,,,,,,,,,,
9452,Election_Day,4,2,50,2,,,,,,,,,,,,,,
9452,VBM,4,3,75,1,,,,,,,,2,,,,,,
9453,Election_Day,2,1,50,,,,,,,,,,,,,,,1
9453,VBM,2,0,0,,,,,,,,,,,,,,,
9501,Election_Day,2,0,0,,,,,,,,,,,,,,,
9501,VBM,2,0,0,,,,,,,,,,,,,,,
9502,Election_Day,2,1,50,1,,,,,,,,,,,,,,
9502,VBM,2,1,50,,,,,,,1,,,,,,,,
9503/9504,Election_Day,7,1,14.29,1,,,,,,,,,,,,,,
9503/9504,VBM,7,2,28.57,2,,,,,,,,,,,,,,
9505,Election_Day,6,0,0,,,,,,,,,,,,,,,
9505,VBM,6,0,0,,,,,,,,,,,,,,,
9506,Election_Day,7,3,42.86,1,,,,,,,,,,,,1,,1
9506,VBM,7,0,0,,,,,,,,,,,,,,,
9507,Election_Day,6,0,0,,,,,,,,,,,,,,,
9507,VBM,6,3,50,,,,,,,1,,,1,,,1,,
9508,Election_Day,8,2,25,,,,,,,,,,,,,1,,1
9508,VBM,8,0,0,,,,,,,,,,,,,,,
9509,Election_Day,1,0,0,,,,,,,,,,,,,,,
9509,VBM,1,0,0,,,,,,,,,,,,,,,
9511,Election_Day,9,2,22.22,1,,,,,,,,,,,,,,1
9511,VBM,9,0,0,,,,,,,,,,,,,,,
9512,Election_Day,5,1,20,,,,,,,,,,,,,,,1
9512,VBM,5,1,20,,,,,,,,,,,,,1,,
9513,Election_Day,3,1,33.33,1,,,,,,,,,,,,,,
9513,VBM,3,1,33.33,1,,,,,,,,,,,,,,
9514/9522,Election_Day,7,1,14.29,,,,,,,,,,,,,1,,
9514/9522,VBM,7,0,0,,,,,,,,,,,,,,,
9515,Election_Day,7,3,42.86,2,,,,,,1,,,,,,,,
9515,VBM,7,2,28.57,1,,,,,,,,,,,,,,1
9516,Election_Day,6,2,33.33,1,,,,,,,,,,,,1,,
9516,VBM,6,1,16.67,,,,,,,,,,,,,1,,
9517,Election_Day,6,2,33.33,1,,,,,,,,,,,,,,1
9517,VBM,6,1,16.67,,,,,,,,,,,,,1,,
9518,Election_Day,11,2,18.18,1,,,,,,,,,,,,,,1
9518,VBM,11,6,54.55,2,,,,,,,1,,,,,1,,2
9519,Election_Day,5,4,80,2,,,,,,2,,,,,,,,
9519,VBM,5,2,40,,,,,,,,,,,,,,,2
9521,Election_Day,2,0,0,,,,,,,,,,,,,,,
9521,VBM,2,0,0,,,,,,,,,,,,,,,
9701,Election_Day,2,3,150,1,,,,,,1,,,,,,1,,
9701,VBM,2,1,50,1,,,,,,,,,,,,,,
9702,Election_Day,2,2,100,,,,,,,,,,,1,,,,1
9702,VBM,2,0,0,,,,,,,,,,,,,,,
9703,Election_Day,3,2,66.67,1,,,,,,1,,,,,,,,
9703,VBM,3,1,33.33,,,,,,,,,,,,,,,1
9704,Election_Day,5,2,40,1,,,,,,,,,,,,,,1
9704,VBM,5,3,60,2,,,,,,,1,,,,,,,
9705,Election_Day,2,0,0,,,,,,,,,,,,,,,
9705,VBM,2,2,100,,,,,,,,,,,,,1,,1
9706,Election_Day,0,0,0,,,,,,,,,,,,,,,
9706,VBM,0,0,0,,,,,,,,,,,,,,,
9707,Election_Day,2,0,0,,,,,,,,,,,,,,,
9707,VBM,2,0,0,,,,,,,,,,,,,,,
9708,Election_Day,3,0,0,,,,,,,,,,,,,,,
9708,VBM,3,0,0,,,,,,,,,,,,,,,
9709,Election_Day,4,1,25,,,,,,,,,,,,,1,,
9709,VBM,4,2,50,1,,,,,,,,,,,,1,,
9711,Election_Day,9,0,0,,,,,,,,,,,,,,,
9711,VBM,9,3,33.33,2,,,,,,,,1,,,,,,
9712,Election_Day,3,0,0,,,,,,,,,,,,,,,
9712,VBM,3,2,66.67,1,,,1,,,,,,,,,,,
9713,Election_Day,3,0,0,,,,,,,,,,,,,,,
9713,VBM,3,1,33.33,1,,,,,,,,,,,,,,
9714,Election_Day,2,1,50,,,,,,,1,,,,,,,,
9714,VBM,2,2,100,1,,,,,,,,,,,,1,,
9715,Election_Day,2,0,0,,,,,,,,,,,,,,,
9715,VBM,2,1,50,,1,,,,,,,,,,,,,
9716,Election_Day,5,0,0,,,,,,,,,,,,,,,
9716,VBM,5,4,80,1,,1,,,1,,,,1,,,,,
9717,Election_Day,3,1,33.33,1,,,,,,,,,,,,,,
9717,VBM,3,1,33.33,1,,,,,,,,,,,,,,
9718,Election_Day,5,1,20,,,,,,,,,,,,,,,1
9718,VBM,5,2,40,1,,,,,,,,,,,,,,1
9719,Election_Day,5,2,40,1,,,,,,,,,,,,,,1
9719,VBM,5,1,20,,,,,,,,,,,,,1,,
9721,Election_Day,3,2,66.67,1,,,,,,,,,,,,,,1
9721,VBM,3,0,0,,,,,,,,,,,,,,,
9722,Election_Day,1,1,100,,,,,,,1,,,,,,,,
9722,VBM,1,0,0,,,,,,,,,,,,,,,
9723,Election_Day,1,1,100,,,,,,,,,,,,,,,1
9723,VBM,1,0,0,,,,,,,,,,,,,,,
9724,Election_Day,1,0,0,,,,,,,,,,,,,,,
9724,VBM,1,1,100,,,,,,,1,,,,,,,,
9725,Election_Day,3,0,0,,,,,,,,,,,,,,,
9725,VBM,3,2,66.67,,,,,,,,,,,,,,,2
9726,Election_Day,2,0,0,,,,,,,,,,,,,,,
9726,VBM,2,2,100,1,,,,,,,,,,,,1,,
9727,Election_Day,1,0,0,,,,,,,,,,,,,,,
9727,VBM,1,1,100,1,,,,,,,,,,,,,,
9728,Election_Day,4,0,0,,,,,,,,,,,,,,,
9728,VBM,4,1,25,,,,,,,,,,,,1,,,
9729,Election_Day,4,0,0,,,,,,,,,,,,,,,
9729,VBM,4,1,25,,,,,,,,,,,,,1,,
9731,Election_Day,3,0,0,,,,,,,,,,,,,,,
9731,VBM,3,2,66.67,1,,,,,,,,,,,,1,,
9732,Election_Day,1,0,0,,,,,,,,,,,,,,,
9732,VBM,1,0,0,,,,,,,,,,,,,,,
9733,Election_Day,3,0,0,,,,,,,,,,,,,,,
9733,VBM,3,2,66.67,1,,,,,,,,,,,,1,,
9734,Election_Day,4,1,25,,,,,,,1,,,,,,,,
9734,VBM,4,2,50,,,,,,,,,,,,,,,2
9735,Election_Day,3,1,33.33,1,,,,,,,,,,,,,,
9735,VBM,3,2,66.67,1,,,,,,1,,,,,,,,
9736,Election_Day,3,0,0,,,,,,,,,,,,,,,
9736,VBM,3,2,66.67,2,,,,,,,,,,,,,,
9737,Election_Day,2,1,50,1,,,,,,,,,,,,,,
9737,VBM,2,2,100,,,,,,,1,,,,,,1,,
9738,Election_Day,5,2,40,1,,,,,,1,,,,,,,,
9738,VBM,5,0,0,,,,,,,,,,,,,,,
9739,Election_Day,5,1,20,,,,,,,,,,,,,,,1
9739,VBM,5,0,0,,,,,,,,,,,,,,,
9741,Election_Day,11,1,9.09,1,,,,,,,,,,,,,,
9741,VBM,11,0,0,,,,,,,,,,,,,,,
9742,Election_Day,1,2,200,1,,,,,,,,,,,,1,,
9742,VBM,1,0,0,,,,,,,,,,,,,,,
9743,Election_Day,6,1,16.67,1,,,,,,,,,,,,,,
9743,VBM,6,1,16.67,,1,,,,,,,,,,,,,
9744,Election_Day,8,3,37.5,1,,,,,,1,,,,,,,,1
9744,VBM,8,2,25,2,,,,,,,,,,,,,,
9745,Election_Day,9,3,33.33,3,,,,,,,,,,,,,,
9745,VBM,9,1,11.11,1,,,,,,,,,,,,,,
9746,Election_Day,4,0,0,,,,,,,,,,,,,,,
9746,VBM,4,2,50,,,,,,,,,,,,,1,,1
9747,Election_Day,2,2,100,2,,,,,,,,,,,,,,
9747,VBM,2,1,50,1,,,,,,,,,,,,,,
9748,Election_Day,7,1,14.29,,,,,,,,,,,,,,,1
9748,VBM,7,2,28.57,2,,,,,,,,,,,,,,
9749,Election_Day,3,0,0,,,,,,,,,,,,,,,
9749,VBM,3,1,33.33,1,,,,,,,,,,,,,,
9751,Election_Day,3,5,166.67,4,,,,,,,,,,,,,,1
9751,VBM,3,0,0,,,,,,,,,,,,,,,
9752,Election_Day,1,0,0,,,,,,,,,,,,,,,
9752,VBM,1,0,0,,,,,,,,,,,,,,,
9753,Election_Day,0,0,0,,,,,,,,,,,,,,,
9753,VBM,0,0,0,,,,,,,,,,,,,,,
9754,Election_Day,4,0,0,,,,,,,,,,,,,,,
9754,VBM,4,2,50,1,,,,,,,,,,,1,,,
9755,Election_Day,1,1,100,,,,,,,,,,,,,,,1
9755,VBM,1,0,0,,,,,,,,,,,,,,,
9756,Election_Day,2,1,50,1,,,,,,,,,,,,,,
9756,VBM,2,0,0,,,,,,,,,,,,,,,
9801,Election_Day,1,0,0,,,,,,,,,,,,,,,
9801,VBM,1,0,0,,,,,,,,,,,,,,,
9900,Election_Day,0,0,0,,,,,,,,,,,,,,,
9900,VBM,0,0,0,,,,,,,,,,,,,,,
9901,Election_Day,0,0,0,,,,,,,,,,,,,,,
9901,VBM,0,0,0,,,,,,,,,,,,,,,
9902,Election_Day,0,0,0,,,,,,,,,,,,,,,
9902,VBM,0,0,0,,,,,,,,,,,,,,,
