precinct,ballot_type,registered_voters,ballots_cast,turnout,KEITH_JUDD,MICHAEL_STEINBERG,BERNIE_SANDERS,WILLIE_WILSON,ROQUE_DE_LA_FUENTE,HILLARY_CLINTON,HENRY_HEWES,WRITE_IN,over_votes,under_votes
1101,Election_Day,297,65,21.89,,,32,,,32,,,,1
1101,VBM,297,84,28.28,,,34,3,,46,,,,1
1102,Election_Day,555,198,35.68,,,97,,,101,,,,
1102,VBM,555,143,25.77,,,54,,,83,1,1,,4
1103,Election_Day,536,138,25.75,,,59,,,77,1,,,1
1103,VBM,536,175,32.65,,1,65,,1,98,,4,,6
1104,Election_Day,515,137,26.60,,,66,,,68,,,,3
1104,VBM,515,130,25.24,,,49,1,,79,,,,1
1106,Election_Day,426,109,25.59,,,69,2,,36,,,,2
1106,VBM,426,113,26.53,,,32,,,76,1,,,4
1107,Election_Day,432,93,21.53,,,58,,,34,,,,1
1107,VBM,432,124,28.70,,,57,,,64,,1,,2
1108,Election_Day,574,133,23.17,,,70,,,63,,,,
1108,VBM,574,163,28.40,,1,54,,,107,,,,1
1109,Election_Day,436,97,22.25,1,,42,,1,53,,,,
1109,VBM,436,115,26.38,,,55,,,58,1,,,1
1111,Election_Day,490,106,21.63,,,46,,1,59,,,,
1111,VBM,490,144,29.39,,,68,1,,73,,,,2
1112,Election_Day,353,81,22.95,,,34,1,1,42,2,,,1
1112,VBM,353,98,27.76,,,39,,,58,,,,1
1113,Election_Day,314,69,21.97,,1,40,,,26,1,,,1
1113,VBM,314,100,31.85,,1,36,,2,59,,,1,1
1114,Election_Day,516,120,23.26,1,,48,,,65,1,1,,4
1114,VBM,516,136,26.36,,,48,1,1,83,,3,,
1115,Election_Day,462,110,23.81,,,57,2,,50,,,,1
1115,VBM,462,135,29.22,,1,55,,,73,,,,6
1116,VBM,486,118,24.28,,,39,1,1,76,,1,,
1117,Election_Day,504,127,25.20,,,66,,,60,,,,1
1117,VBM,504,122,24.21,,1,36,,,81,,2,,2
1118,Election_Day,563,134,23.80,,,85,,2,44,1,,,2
1118,VBM,563,136,24.16,,,49,,,85,,1,,1
1119,Election_Day,422,86,20.38,,,50,,,35,,,,1
1119,VBM,422,106,25.12,,,39,,,60,,5,,2
1121,Election_Day,348,88,25.29,,,58,,,29,,1,,
1121,VBM,348,97,27.87,,,42,,,53,,,,2
1122,Election_Day,280,77,27.50,,,36,,,40,,,,1
1122,VBM,280,70,25.00,,1,24,,,40,,,,5
1123,Election_Day,491,102,20.77,,1,54,,1,45,,,1,
1123,VBM,491,110,22.40,,1,42,1,1,65,,,,
1124,Election_Day,418,90,21.53,,1,44,,,45,,,,
1124,VBM,418,76,18.18,,,18,,1,56,1,,,
1125,Election_Day,537,81,15.08,,,54,,,26,1,,,
1125,VBM,537,140,26.07,,,35,,1,95,1,2,,6
1126,Election_Day,479,116,24.22,,,45,,1,69,,,,1
1126,VBM,479,130,27.14,,,32,,,96,,,,2
1127,Election_Day,469,109,23.24,,,53,,,55,,,,1
1127,VBM,469,100,21.32,,,42,,,56,,,1,1
1128,Election_Day,413,90,21.79,,,45,,,45,,,,
1128,VBM,413,107,25.91,,,45,,,58,1,,,3
1129,Election_Day,453,98,21.63,,,49,,,46,,2,,1
1129,VBM,453,131,28.92,1,1,42,,,83,,2,,2
1131,Election_Day,418,73,17.46,,,38,,,35,,,,
1131,VBM,418,134,32.06,,,31,,,97,,,1,5
1132,Election_Day,458,108,23.58,,,49,,1,56,,2,,
1132,VBM,458,151,32.97,,,39,,1,101,1,1,1,7
1133,Election_Day,483,87,18.01,,,43,,,44,,,,
1133,VBM,483,141,29.19,,,60,,,78,,,,3
1134,VBM,398,93,23.37,,1,34,,3,50,1,1,,3
1135,Election_Day,268,71,26.49,,,27,,,42,,2,,
1135,VBM,268,82,30.60,,,25,,,55,,1,,1
1136,Election_Day,423,66,15.60,,,40,,1,24,,,,1
1136,VBM,423,147,34.75,,,47,1,1,96,1,1,,
1141,Election_Day,542,112,20.66,,,59,,,53,,,,
1141,VBM,542,162,29.89,,,59,2,,95,1,,,5
1142,Election_Day,433,106,24.48,,,49,,,57,,,,
1142,VBM,433,97,22.40,,,51,,,44,,,,2
1143,Election_Day,550,163,29.64,,,96,,,67,,,,
1143,VBM,550,152,27.64,,4,58,,,83,,1,1,5
1144,Election_Day,502,131,26.10,,,67,,,62,,1,,1
1144,VBM,502,127,25.30,,,56,,,71,,,,
1145,Election_Day,544,129,23.71,,,73,,,55,,,,1
1145,VBM,544,185,34.01,,,65,,,113,1,1,,5
1146,Election_Day,487,119,24.44,,1,66,,,52,,,,
1146,VBM,487,168,34.50,,,66,1,,99,,,,2
1147,Election_Day,487,129,26.49,,,72,,,55,,,,2
1147,VBM,487,123,25.26,,,51,,,69,,,,3
1148,Election_Day,486,116,23.87,,,62,,1,52,,,,1
1148,VBM,486,126,25.93,,,53,1,1,68,,1,,2
1149,Election_Day,519,152,29.29,,,88,,,64,,,,
1149,VBM,519,112,21.58,,,45,1,,64,1,,,1
1151,Election_Day,0,0,0.00,,,,,,,,,,
1151,VBM,0,0,0.00,,,,,,,,,,
1152,Election_Day,442,109,24.66,,,54,,,50,,,1,4
1152,VBM,442,121,27.38,,1,33,3,,81,2,,1,
1153,Election_Day,483,110,22.77,,,59,,,49,,,,2
1153,VBM,483,117,24.22,1,,47,,,64,1,,,4
1154,Election_Day,0,0,0.00,,,,,,,,,,
1154,VBM,0,0,0.00,,,,,,,,,,
7001,VBM,391,104,26.60,,,42,,,62,,,,
7002,Election_Day,530,132,24.91,,,79,,,53,,,,
7002,VBM,530,142,26.79,,,54,,,87,,,,1
7003,Election_Day,529,174,32.89,,,89,,,85,,,,
7003,VBM,529,170,32.14,,,63,,,104,,,,3
7004,Election_Day,524,153,29.20,,,65,,,88,,,,
7004,VBM,524,145,27.67,,,51,,,92,,1,,1
7005,Election_Day,520,199,38.27,,,76,,1,119,1,,,2
7005,VBM,520,131,25.19,,,49,,,81,,,,1
7006,Election_Day,548,184,33.58,,,125,,,58,,1,,
7006,VBM,548,125,22.81,,,70,,,51,,1,,3
7007,Election_Day,604,228,37.75,,,124,,,103,,1,,
7007,VBM,604,170,28.15,,1,65,,,103,,,,1
7008,Election_Day,519,176,33.91,,,71,,1,104,,,,
7008,VBM,519,175,33.72,,,55,,1,119,,,,
7009,Election_Day,550,138,25.09,,,89,,,48,,,,1
7009,VBM,550,152,27.64,,,54,,,96,,,,2
7011,Election_Day,671,111,16.54,,,57,,,52,,,1,1
7011,VBM,671,107,15.95,,,29,,,78,,,,
7012,Election_Day,639,189,29.58,,,88,,,101,,,,
7012,VBM,639,165,25.82,,,65,,,99,,,,1
7013,Election_Day,408,102,25.00,,,50,,1,51,,,,
7013,VBM,408,123,30.15,,,54,,,69,,,,
7014,Election_Day,588,201,34.18,,,90,,,107,1,,,3
7014,VBM,588,163,27.72,,,63,,,99,,,,1
7015,Election_Day,52,0,0.00,,,,,,,,,,
7015,VBM,52,20,38.46,,,12,1,,7,,,,
7016,Election_Day,527,89,16.89,,,50,,,39,,,,
7016,VBM,527,87,16.51,,,25,,,58,,1,,3
7017,Election_Day,501,47,9.38,,,22,1,,23,,,,1
7017,VBM,501,72,14.37,,,23,,,48,,,1,
7018,VBM,499,131,26.25,,1,35,,,90,1,,1,3
7019,Election_Day,563,119,21.14,1,,51,,,67,,,,
7019,VBM,563,154,27.35,,,44,,,108,,1,,1
7021,Election_Day,599,109,18.20,,,57,,1,47,,1,,3
7021,VBM,599,95,15.86,,,39,,,53,,,,3
7022,Election_Day,636,123,19.34,,,59,,,64,,,,
7022,VBM,636,129,20.28,,,37,,2,89,,,,1
7023,Election_Day,619,106,17.12,,,56,1,1,48,,,,
7023,VBM,619,125,20.19,,,27,,,91,,,,7
7024,Election_Day,187,13,6.95,,,3,,,10,,,,
7024,VBM,187,11,5.88,,,1,,,10,,,,
7025,Election_Day,300,48,16.00,,,26,,,20,1,,,1
7025,VBM,300,50,16.67,,,20,,,30,,,,
7026,Election_Day,488,80,16.39,,1,37,,,40,,,,2
7026,VBM,488,129,26.43,,,42,1,,86,,,,
7027,Election_Day,513,119,23.20,,,56,,1,61,,,,1
7027,VBM,513,112,21.83,,1,31,1,,78,,,,1
7028,Election_Day,574,114,19.86,,,46,,1,67,,,,
7028,VBM,574,82,14.29,,,28,,,54,,,,
7029,Election_Day,604,67,11.09,,,24,1,,41,,1,,
7029,VBM,604,80,13.25,,,25,1,,53,,,,1
7030,Election_Day,345,56,16.23,,,29,,,27,,,,
7030,VBM,345,92,26.67,,1,23,1,,63,,,,4
7031,Election_Day,210,25,11.90,,,13,,,12,,,,
7031,VBM,210,86,40.95,,1,27,,,55,1,2,,
7032,Election_Day,566,95,16.78,,,44,,,51,,,,
7032,VBM,566,122,21.55,,,41,,,79,,,,2
7033,Election_Day,526,110,20.91,,,54,,,55,,,,1
7033,VBM,526,84,15.97,,,26,,,58,,,,
7034,Election_Day,586,59,10.07,,,21,1,,35,1,,,1
7034,VBM,586,64,10.92,,,17,,,46,,,1,
7035,VBM,251,55,21.91,,,12,,,42,,1,,
7036,Election_Day,464,64,13.79,,,37,1,,26,,,,
7036,VBM,464,111,23.92,,,20,,,84,,1,1,5
7037,Election_Day,461,61,13.23,,,25,,,33,,,,3
7037,VBM,461,25,5.42,,,4,2,1,17,,1,,
7038,Election_Day,456,59,12.94,,,21,,,38,,,,
7038,VBM,456,102,22.37,1,,30,2,,66,1,,1,1
7039,Election_Day,441,132,29.93,,1,68,,,63,,,,
7039,VBM,441,100,22.68,,,29,,,68,,,,3
7041,Election_Day,30,0,0.00,,,,,,,,,,
7041,VBM,30,4,13.33,,,2,,,2,,,,
7042,Election_Day,362,66,18.23,,,35,,,29,,,,2
7042,VBM,362,94,25.97,,,39,,,52,,,,3
7043,Election_Day,524,73,13.93,,,41,,,32,,,,
7043,VBM,524,138,26.34,,,44,1,1,89,,,,3
7044,Election_Day,496,56,11.29,,,25,,,29,,,,2
7044,VBM,496,43,8.67,,,15,,,28,,,,
7045,Election_Day,378,70,18.52,,,41,1,,26,1,,,1
7045,VBM,378,102,26.98,,,26,,,73,2,,,1
7046,Election_Day,244,49,20.08,,,23,,,26,,,,
7046,VBM,244,74,30.33,,,20,1,,50,1,,,2
7047,Election_Day,426,71,16.67,,,37,1,,31,1,,,1
7047,VBM,426,139,32.63,,2,40,,1,95,,,,1
7048,Election_Day,466,74,15.88,,,30,,,44,,,,
7048,VBM,466,94,20.17,,,22,,,67,3,,1,1
7049,Election_Day,371,79,21.29,,,32,1,,46,,,,
7049,VBM,371,88,23.72,,,30,1,,55,,,,2
7051,Election_Day,405,47,11.60,,,21,,,25,,,,1
7051,VBM,405,140,34.57,,,50,3,,82,,1,,4
7052,Election_Day,416,104,25.00,,2,51,,,49,,1,,1
7052,VBM,416,103,24.76,,,30,,,72,,1,,
7053,VBM,225,83,36.89,,,25,,,55,,1,,2
7054,Election_Day,633,131,20.70,,,70,,,58,1,,2,
7054,VBM,633,111,17.54,,,37,,,69,,1,,4
7101,Election_Day,98,0,0.00,,,,,,,,,,
7101,VBM,98,34,34.69,,,12,,1,21,,,,
7201,Election_Day,476,129,27.10,,,58,,1,70,,,,
7201,VBM,476,143,30.04,,1,37,1,,102,,,,2
7202,Election_Day,393,139,35.37,,,56,,,83,,,,
7202,VBM,393,114,29.01,,,41,,1,70,,,,2
7203,Election_Day,448,188,41.96,,,81,,,107,,,,
7203,VBM,448,106,23.66,,,44,,,60,,,1,1
7204,Election_Day,464,124,26.72,,,50,,,72,,,,2
7204,VBM,464,167,35.99,,,51,,,116,,,,
7205,Election_Day,452,122,26.99,,,42,,,80,,,,
7205,VBM,452,148,32.74,1,,28,,,118,,,,1
7206,Election_Day,203,70,34.48,,,25,,,45,,,,
7206,VBM,203,51,25.12,,,19,,,32,,,,
7207,Election_Day,331,81,24.47,,,34,,,47,,,,
7207,VBM,331,101,30.51,,,42,,,58,,1,,
7208,Election_Day,334,92,27.54,,,40,,,51,1,,,
7208,VBM,334,107,32.04,,,39,,1,66,,,,1
7209,Election_Day,279,49,17.56,,,24,,,24,1,,,
7209,VBM,279,154,55.20,,1,32,,,119,1,,,1
7301,Election_Day,496,102,20.56,,,53,2,,47,,,,
7301,VBM,496,145,29.23,,,56,,,88,,,,1
7302,Election_Day,394,108,27.41,,1,40,,,65,,,,2
7302,VBM,394,188,47.72,,,65,,,120,,,,3
7303,Election_Day,479,153,31.94,,,73,,,79,,,,1
7303,VBM,479,124,25.89,,,42,,,78,,1,,3
7304,Election_Day,518,160,30.89,,,77,,,82,,1,,
7304,VBM,518,157,30.31,,,54,,,97,,3,,3
7305,VBM,446,144,32.29,,,56,,,86,,,,2
7306,Election_Day,488,139,28.48,,,78,,,59,1,,,1
7306,VBM,488,138,28.28,,,66,,,71,,,1,
7307,Election_Day,399,130,32.58,,1,74,,,54,,1,,
7307,VBM,399,99,24.81,,1,39,,,57,,,,2
7308,Election_Day,352,123,34.94,1,,53,,,69,,,,
7308,VBM,352,117,33.24,,,37,,,78,,,,2
7309,Election_Day,446,150,33.63,,,72,,,78,,,,
7309,VBM,446,86,19.28,,,31,,,54,,1,,
7311,Election_Day,470,183,38.94,,,80,,,102,1,,,
7311,VBM,470,133,28.30,,,41,,,89,,1,,2
7312,Election_Day,444,126,28.38,,,43,,,82,,,,1
7312,VBM,444,174,39.19,,,53,,1,118,,,,2
7313,Election_Day,484,111,22.93,,,58,,,52,,1,,
7313,VBM,484,139,28.72,,,49,,,87,,,,3
7314,Election_Day,293,73,24.91,,,38,,,35,,,,
7314,VBM,293,108,36.86,,,27,,,79,,1,,1
7315,Election_Day,373,144,38.61,,,81,,,61,,,,2
7315,VBM,373,97,26.01,,,38,,,57,,,,2
7316,Election_Day,415,109,26.27,,,63,,,44,,1,1,
7316,VBM,415,132,31.81,,,64,1,,59,1,,,7
7317,Election_Day,444,109,24.55,,,60,,,49,,,,
7317,VBM,444,162,36.49,,,51,3,,103,,,1,4
7318,Election_Day,347,126,36.31,,,59,,,67,,,,
7318,VBM,347,116,33.43,,,36,,,76,,1,1,2
7319,Election_Day,516,141,27.33,,,62,,,76,2,,,1
7319,VBM,516,118,22.87,,,46,,,68,1,,,3
7321,Election_Day,282,62,21.99,,,32,,,29,,,,1
7321,VBM,282,92,32.62,,,25,,,66,,,,1
7322,Election_Day,358,43,12.01,,,23,1,,19,,,,
7322,VBM,358,133,37.15,,,28,2,,98,1,1,1,2
7323,VBM,406,119,29.31,,,41,,1,76,1,,,
7324,Election_Day,322,92,28.57,,,50,,,42,,,,
7324,VBM,322,89,27.64,,,35,,,54,,,,
7325,Election_Day,462,106,22.94,,,48,,,58,,,,
7325,VBM,462,123,26.62,,1,45,1,,76,,,,
7326,Election_Day,400,129,32.25,1,,69,,,59,,,,
7326,VBM,400,93,23.25,,,37,,1,54,,,,1
7327,Election_Day,259,46,17.76,,1,25,1,,18,,1,,
7327,VBM,259,116,44.79,,,27,1,,80,,,,8
7328,Election_Day,351,47,13.39,,,28,,,19,,,,
7328,VBM,351,161,45.87,,,22,5,,124,1,,1,8
7329,Election_Day,235,46,19.57,,,21,,,25,,,,
7329,VBM,235,100,42.55,,,26,1,,72,1,,,
7331,Election_Day,419,129,30.79,,,45,,,84,,,,
7331,VBM,419,159,37.95,,,37,1,1,119,,,,1
7332,Election_Day,415,147,35.42,,,68,,,75,,,,4
7332,VBM,415,118,28.43,,,39,,,77,,,1,1
7333,Election_Day,500,173,34.60,,,79,,,93,,,,1
7333,VBM,500,101,20.20,,,31,,,68,,,,2
7334,Election_Day,467,142,30.41,,,84,,1,57,,,,
7334,VBM,467,119,25.48,,,49,,,68,,,,2
7335,Election_Day,452,125,27.65,,,70,,,55,,,,
7335,VBM,452,158,34.96,,,56,,,99,1,,,2
7336,Election_Day,444,146,32.88,,,73,,,72,,1,,
7336,VBM,444,148,33.33,,,45,,,97,,1,,5
7337,Election_Day,416,104,25.00,,,39,1,,63,,1,,
7337,VBM,416,159,38.22,,,44,,,112,,,,3
7338,Election_Day,373,82,21.98,,,39,,,41,,,1,1
7338,VBM,373,168,45.04,,,43,1,,114,,2,1,7
7339,Election_Day,316,101,31.96,,,61,,,37,1,2,,
7339,VBM,316,92,29.11,,,37,1,,52,,,,2
7341,VBM,472,95,20.13,,,42,,1,50,1,,,1
7342,Election_Day,504,229,45.44,,,123,,,104,,,1,1
7342,VBM,504,104,20.63,,,44,,,57,,,,3
7343,Election_Day,396,134,33.84,,,77,,,57,,,,
7343,VBM,396,93,23.48,,,47,,,46,,,,
7344,Election_Day,572,156,27.27,,,83,,,72,,,,1
7344,VBM,572,160,27.97,,1,73,,,85,,,,1
7345,Election_Day,610,178,29.18,,,101,,,77,,,,
7345,VBM,610,170,27.87,,,81,,,85,,2,,2
7346,Election_Day,527,167,31.69,,,98,,,69,,,,
7346,VBM,527,113,21.44,,,65,,,46,,1,,1
7347,Election_Day,568,149,26.23,,,84,,,65,,,,
7347,VBM,568,158,27.82,,,87,,,70,,,,1
7348,Election_Day,459,107,23.31,,,54,,,51,,1,,1
7348,VBM,459,111,24.18,,1,58,,,52,,,,
7349,Election_Day,496,144,29.03,,,75,,,68,,,,1
7349,VBM,496,159,32.06,,,61,,,98,,,,
7501,Election_Day,305,111,36.39,,,46,,,65,,,,
7501,VBM,305,62,20.33,,,14,,,47,,1,,
7502,Election_Day,423,123,29.08,,,57,,,66,,,,
7502,VBM,423,109,25.77,,,23,1,,83,,,,2
7503,Election_Day,424,122,28.77,,,51,,,69,,,,2
7503,VBM,424,105,24.76,,,37,,,68,,,,
7504,Election_Day,271,70,25.83,,,29,,,40,1,,,
7504,VBM,271,82,30.26,,,16,,,61,1,,,4
7505,Election_Day,510,114,22.35,,,44,,,70,,,,
7505,VBM,510,219,42.94,,,44,1,1,170,1,,,2
7506,Election_Day,588,144,24.49,,1,68,,,73,,,,2
7506,VBM,588,131,22.28,1,2,59,,,67,,,,2
7507,Election_Day,585,111,18.97,1,,56,1,,51,1,,,1
7507,VBM,585,107,18.29,,,53,,,53,,,,1
7508,VBM,399,160,40.10,,,53,,,105,,1,,1
7509,Election_Day,560,158,28.21,,,78,,,78,,,,2
7509,VBM,560,163,29.11,,,54,,,106,,2,,1
7512,Election_Day,344,86,25.00,,2,29,3,,51,,,,1
7512,VBM,344,116,33.72,1,1,37,2,,71,,,1,3
7513,Election_Day,466,134,28.76,,1,68,,,64,,,1,
7513,VBM,466,88,18.88,2,1,32,1,,50,,2,,
7514,Election_Day,533,70,13.13,,,23,,,45,,,1,1
7514,VBM,533,107,20.08,,,23,,,83,,,,1
7515,Election_Day,553,125,22.60,,,46,1,1,75,,1,,1
7515,VBM,553,128,23.15,,,46,,,79,,,,3
7516,Election_Day,504,132,26.19,,,58,,,74,,,,
7516,VBM,504,190,37.70,,,57,,1,128,,1,,3
7517,Election_Day,571,229,40.11,1,,122,,,105,,,,1
7517,VBM,571,153,26.80,,,69,,,83,,,1,
7518,Election_Day,599,234,39.07,,,132,,,102,,,,
7518,VBM,599,137,22.87,1,,62,,,74,,,,
7519,Election_Day,481,165,34.30,,,98,,,67,,,,
7519,VBM,481,88,18.30,,,42,,,46,,,,
7521,Election_Day,514,223,43.39,,,122,,,100,,1,,
7521,VBM,514,108,21.01,,,41,,,67,,,,
7522,Election_Day,527,195,37.00,,,110,,,85,,,,
7522,VBM,527,122,23.15,,,60,,,58,,,,4
7523,Election_Day,456,224,49.12,,,141,,,83,,,,
7523,VBM,456,104,22.81,,,52,,,51,,,,1
7524,Election_Day,423,131,30.97,,,59,,,72,,,,
7524,VBM,423,74,17.49,1,,34,,,38,,,,1
7525,Election_Day,535,142,26.54,,,77,,,65,,,,
7525,VBM,535,99,18.50,,,41,,,56,,,,2
7526,Election_Day,569,165,29.00,,,82,,,83,,,,
7526,VBM,569,160,28.12,,,61,,,95,1,,,3
7527,VBM,447,97,21.70,,1,34,,,61,,,1,
7529,Election_Day,571,210,36.78,,,116,,,93,,,,1
7529,VBM,571,142,24.87,,,59,,,82,,,,1
7531,Election_Day,541,193,35.67,,,112,,,81,,,,
7531,VBM,541,116,21.44,,,64,,,50,,,1,1
7532,Election_Day,490,165,33.67,,1,69,,,94,,,,1
7532,VBM,490,108,22.04,1,,46,,,60,1,,,
7533,Election_Day,605,281,46.45,,,177,,,103,,1,,
7533,VBM,605,114,18.84,1,,55,,1,52,,,,5
7534,Election_Day,559,232,41.50,,,151,,,79,,,,2
7534,VBM,559,130,23.26,,,74,,,52,1,,,3
7535,Election_Day,489,200,40.90,,,118,,,82,,,,
7535,VBM,489,111,22.70,,,54,,,56,,,,1
7536,Election_Day,528,208,39.39,,,134,,,74,,,,
7536,VBM,528,127,24.05,,,46,,,79,,1,,1
7537,Election_Day,484,180,37.19,,,108,,,72,,,,
7537,VBM,484,114,23.55,,,41,,,73,,,,
7538,Election_Day,519,205,39.50,,,121,,,84,,,,
7538,VBM,519,140,26.97,,,63,,,75,,,,2
7539,Election_Day,562,257,45.73,,,141,,,114,,1,,1
7539,VBM,562,108,19.22,,,53,,,54,,1,,
7541,Election_Day,506,165,32.61,,,101,,,64,,,,
7541,VBM,506,125,24.70,,,65,,,59,,1,,
7542,Election_Day,546,201,36.81,,,114,,,87,,,,
7542,VBM,546,127,23.26,,,62,,,63,,1,,1
7543,Election_Day,614,173,28.18,,,99,,,74,,,,
7543,VBM,614,167,27.20,,,62,,,105,,,,
7544,Election_Day,564,156,27.66,,,88,,,68,,,,
7544,VBM,564,146,25.89,,,65,1,,80,,,,
7545,Election_Day,546,174,31.87,,,95,,,79,,,,
7545,VBM,546,140,25.64,,,50,,1,89,,,,
7546,VBM,541,125,23.11,,,55,,,70,,,,
7547,Election_Day,661,199,30.11,,,111,,,86,,,,2
7547,VBM,661,157,23.75,,1,84,,,70,,,,2
7548,Election_Day,662,211,31.87,,,117,,,94,,,,
7548,VBM,662,189,28.55,,,89,,,100,,,,
7549,Election_Day,511,154,30.14,,,73,,,79,,2,,
7549,VBM,511,134,26.22,,,61,,,69,,,,4
7551,Election_Day,445,189,42.47,,,96,,,92,,,,1
7551,VBM,445,113,25.39,,,56,,,56,,1,,
7552,Election_Day,451,175,38.80,,,72,,,102,,,,1
7552,VBM,451,124,27.49,,,46,,,78,,,,
7553,Election_Day,105,0,0.00,,,,,,,,,,
7553,VBM,105,46,43.81,,,14,,,30,,,,2
7554,Election_Day,558,191,34.23,,,75,,,114,,,,2
7554,VBM,558,168,30.11,,,39,,,129,,,,
7555,Election_Day,585,216,36.92,,,81,,,135,,,,
7555,VBM,585,142,24.27,,,43,,,99,,,,
7556,Election_Day,630,214,33.97,,,89,1,1,122,1,,,
7556,VBM,630,169,26.83,,,57,,,110,,,,2
7601,Election_Day,455,107,23.52,,1,55,1,,48,,,,2
7601,VBM,455,86,18.90,,1,36,1,,47,,,,1
7602,Election_Day,530,136,25.66,,,83,,,52,,,,1
7602,VBM,530,124,23.40,,,62,,,61,,,,1
7603,Election_Day,505,140,27.72,,,79,,1,60,,,,
7603,VBM,505,111,21.98,,,52,,,59,,,,
7604,Election_Day,491,155,31.57,,,90,,,63,,,,2
7604,VBM,491,124,25.25,,,52,,,70,,2,,
7605,Election_Day,400,101,25.25,,,40,,,57,1,1,,2
7605,VBM,400,88,22.00,,4,29,,,53,1,,,1
7606,Election_Day,512,94,18.36,,,54,,,39,,1,,
7606,VBM,512,111,21.68,,1,51,,,58,,,,1
7607,VBM,591,146,24.70,,,54,2,,89,,,,1
7608,Election_Day,218,30,13.76,,,13,1,,16,,,,
7608,VBM,218,62,28.44,,1,13,,,46,,1,,1
7609,Election_Day,452,52,11.50,,,24,,,27,,1,,
7609,VBM,452,154,34.07,,,35,4,,107,,1,1,6
7611,Election_Day,450,61,13.56,,,28,,,33,,,,
7611,VBM,450,115,25.56,,,28,1,1,78,,2,1,4
7612,Election_Day,288,65,22.57,,,31,,,32,,,1,1
7612,VBM,288,81,28.13,,,27,1,,50,,,,3
7613,Election_Day,549,91,16.58,,,47,,,43,,,,1
7613,VBM,549,133,24.23,,,53,2,1,75,,,,2
7614,Election_Day,639,122,19.09,,,67,2,,52,,,,1
7614,VBM,639,128,20.03,,1,57,,,69,,1,,
7615,Election_Day,549,70,12.75,,,30,,1,37,,,,2
7615,VBM,549,90,16.39,,1,31,1,,57,,,,
7616,Election_Day,447,90,20.13,,,39,,,50,,1,,
7616,VBM,447,144,32.21,,,54,,1,88,,,,1
7617,Election_Day,463,62,13.39,,,24,,,36,,1,,1
7617,VBM,463,121,26.13,,,44,,,76,,,,1
7618,Election_Day,528,145,27.46,,,87,,,55,,2,,1
7618,VBM,528,157,29.73,,,59,,2,96,,,,
7619,Election_Day,848,198,23.35,,,109,,,87,,,,2
7619,VBM,848,220,25.94,,,92,,1,126,,1,,
7621,Election_Day,542,148,27.31,,,86,,1,60,,1,,
7621,VBM,542,157,28.97,,,68,,,86,,3,,
7622,Election_Day,601,76,12.65,,,45,,,30,,,,1
7622,VBM,601,112,18.64,1,,36,,,73,,1,,1
7623,Election_Day,442,86,19.46,,,46,,,40,,,,
7623,VBM,442,92,20.81,,,48,,,41,1,,1,1
7624,Election_Day,590,77,13.05,,,42,,,32,2,1,,
7624,VBM,590,120,20.34,,,35,1,,80,1,,,3
7625,VBM,363,203,55.92,,2,33,,,155,,,1,12
7626,Election_Day,531,135,25.42,,,52,,,83,,,,
7626,VBM,531,197,37.10,,,52,,,145,,,,
7627,Election_Day,582,149,25.60,,,60,,,89,,,,
7627,VBM,582,188,32.30,,1,47,,,139,,,,1
7628,Election_Day,583,125,21.44,,,72,,,52,,,,1
7628,VBM,583,150,25.73,,,63,1,,82,,1,,3
7629,Election_Day,456,113,24.78,,,66,,,47,,,,
7629,VBM,456,101,22.15,,,45,,,55,,,,1
7631,Election_Day,567,160,28.22,,,94,,,65,,1,,
7631,VBM,567,167,29.45,,,65,,,101,,,,1
7632,Election_Day,375,122,32.53,,,63,,,58,,,,1
7632,VBM,375,98,26.13,,,38,,,60,,,,
7633,Election_Day,321,99,30.84,,,43,,,56,,,,
7633,VBM,321,129,40.19,,,27,,,97,,,,5
7634,Election_Day,461,114,24.73,,,38,,,73,,,,3
7634,VBM,461,171,37.09,,,57,,,114,,,,
7635,Election_Day,386,94,24.35,,,52,,,42,,,,
7635,VBM,386,84,21.76,,,28,,,55,1,,,
7636,Election_Day,468,141,30.13,,,49,,,92,,,,
7636,VBM,468,113,24.15,,,37,,,76,,,,
7637,Election_Day,589,115,19.52,,,44,,,70,,,1,
7637,VBM,589,204,34.63,1,,61,,,142,,,,
7638,Election_Day,488,106,21.72,,,32,,,71,,2,,1
7638,VBM,488,195,39.96,,,50,1,,139,,2,,3
7639,Election_Day,469,115,24.52,,,46,,,69,,,,
7639,VBM,469,125,26.65,,,25,,,99,,,,1
7641,Election_Day,497,113,22.74,,2,34,,,77,,,,
7641,VBM,497,186,37.42,,3,54,,,125,,2,,2
7642,Election_Day,469,96,20.47,,,45,,1,48,,,,2
7642,VBM,469,89,18.98,,1,34,,,53,,,,1
7643,VBM,443,161,36.34,,,43,1,,111,,1,,5
7644,Election_Day,549,147,26.78,,1,74,,,71,,,,1
7644,VBM,549,125,22.77,,,41,,1,81,,,,2
7645,Election_Day,334,62,18.56,,,27,,,34,,1,,
7645,VBM,334,139,41.62,,,39,,1,99,,,,
7646,Election_Day,900,196,21.78,,,105,,,89,,1,,1
7646,VBM,900,286,31.78,,,92,,,193,,1,,
7647,Election_Day,494,107,21.66,,,80,,,25,,1,,1
7647,VBM,494,83,16.80,,,41,,,42,,,,
7648,Election_Day,5,0,0.00,,,,,,,,,,
7648,VBM,5,2,40.00,,,,,,2,,,,
7701,Election_Day,558,233,41.76,,,119,,,113,,,,1
7701,VBM,558,148,26.52,,1,58,,,88,,1,,
7702,Election_Day,408,122,29.90,,2,49,1,,69,1,,,
7702,VBM,408,135,33.09,,1,45,,,87,,,,2
7703,Election_Day,91,0,0.00,,,,,,,,,,
7703,VBM,91,31,34.07,,,7,,,22,1,,,1
7704,Election_Day,542,204,37.64,,,112,,,87,1,,,4
7704,VBM,542,179,33.03,1,,62,,,114,,1,,1
7705,Election_Day,304,101,33.22,,,47,,,53,,,,1
7705,VBM,304,115,37.83,,,31,,,81,,2,,1
7706,Election_Day,492,178,36.18,,,74,,,102,,1,,1
7706,VBM,492,171,34.76,,,57,,,111,,1,,2
7707,Election_Day,499,168,33.67,,,69,,,97,,,,2
7707,VBM,499,176,35.27,,1,63,,,110,,,,2
7708,Election_Day,537,155,28.86,,,64,,,88,,2,,1
7708,VBM,537,178,33.15,,,57,1,,119,1,,,
7709,Election_Day,233,80,34.33,,,43,,,36,,,,1
7709,VBM,233,85,36.48,,,28,,,55,,1,,1
7711,Election_Day,477,153,32.08,,,67,,,85,,,,1
7711,VBM,477,152,31.87,,,58,,,92,,,,2
7712,VBM,351,86,24.50,,,30,,,55,,,,1
7801,Election_Day,623,225,36.12,,,90,,,135,,,,
7801,VBM,623,210,33.71,,,69,,,138,,,,3
7802,Election_Day,501,187,37.33,,,64,,,123,,,,
7802,VBM,501,144,28.74,,,38,,,105,,,,1
7803,Election_Day,568,144,25.35,,,48,,,96,,,,
7803,VBM,568,255,44.89,,,70,,,183,,,,2
7804,Election_Day,607,213,35.09,,,75,,,136,,,,2
7804,VBM,607,223,36.74,,,65,,,157,,,,1
7805,Election_Day,585,178,30.43,,,83,,,95,,,,
7805,VBM,585,202,34.53,,,72,,,130,,,,
7806,Election_Day,517,154,29.79,,,79,,,75,,,,
7806,VBM,517,116,22.44,,,47,,,69,,,,
7807,Election_Day,507,211,41.62,,,96,,,115,,,,
7807,VBM,507,122,24.06,,,56,,,66,,,,
7808,Election_Day,462,164,35.50,,,62,,,101,,,,1
7808,VBM,462,117,25.32,,,48,,,68,,,,1
7809,Election_Day,659,204,30.96,,,101,,,103,,,,
7809,VBM,659,187,28.38,,,77,,,110,,,,
7811,Election_Day,481,194,40.33,,,124,,,70,,,,
7811,VBM,481,116,24.12,,,60,,,54,,1,,1
7812,Election_Day,554,175,31.59,,,84,,,90,,,,1
7812,VBM,554,166,29.96,,1,50,,,114,,1,,
7813,Election_Day,683,246,36.02,,,116,,,130,,,,
7813,VBM,683,178,26.06,,,78,,,100,,,,
7814,Election_Day,477,144,30.19,,,86,,,57,,,,1
7814,VBM,477,90,18.87,,,40,,,49,,1,,
7815,Election_Day,638,179,28.06,1,,57,,,121,,,,
7815,VBM,638,220,34.48,,,62,,,155,,,,3
7816,Election_Day,616,200,32.47,,,84,,,115,,,,1
7816,VBM,616,244,39.61,,,66,,,178,,,,
7817,VBM,574,157,27.35,,,53,1,,102,,,,1
7818,Election_Day,565,190,33.63,,,92,,,97,,,,1
7818,VBM,565,161,28.50,,,51,,,109,,1,,
7819,Election_Day,484,168,34.71,,,79,,,86,,,2,1
7819,VBM,484,136,28.10,,,52,,,82,,,,2
7821,Election_Day,655,229,34.96,,,75,,,153,1,,,
7821,VBM,655,230,35.11,,,64,,,160,,1,,5
7822,Election_Day,636,223,35.06,,,80,,1,140,1,1,,
7822,VBM,636,166,26.10,,,65,,,100,,1,,
7823,Election_Day,619,216,34.89,,,96,,,119,1,,,
7823,VBM,619,175,28.27,,,51,,,122,,,,2
7824,Election_Day,527,186,35.29,,,73,1,,107,,,,5
7824,VBM,527,138,26.19,,,50,,,87,,1,,
7825,Election_Day,379,146,38.52,,,61,,,85,,,,
7825,VBM,379,108,28.50,,,49,,,59,,,,
7826,Election_Day,475,168,35.37,,,82,,,86,,,,
7826,VBM,475,117,24.63,,,58,,,58,,1,,
7827,Election_Day,547,207,37.84,,,138,1,,68,,,,
7827,VBM,547,129,23.58,,,55,,,73,,,,1
7828,Election_Day,609,179,29.39,,,58,,,121,,,,
7828,VBM,609,211,34.65,,,71,,,137,1,1,,1
7829,Election_Day,595,182,30.59,,,69,,,113,,,,
7829,VBM,595,244,41.01,,1,59,,,182,,,,2
7831,Election_Day,656,220,33.54,,,57,,,163,,,,
7831,VBM,656,235,35.82,,,61,,,169,,,,5
7832,Election_Day,535,172,32.15,,1,58,,,113,,,,
7832,VBM,535,199,37.20,,1,58,,,140,,,,
7833,Election_Day,510,178,34.90,,,91,,,86,,,,1
7833,VBM,510,134,26.27,,,46,,,87,,,,1
7834,Election_Day,530,232,43.77,,,111,,,121,,,,
7834,VBM,530,130,24.53,,,62,,,67,,,1,
7835,VBM,515,160,31.07,,,59,,1,98,,,,2
7836,Election_Day,611,193,31.59,,,94,,,98,,1,,
7836,VBM,611,204,33.39,,,60,,,142,,,,2
7837,Election_Day,590,217,36.78,,,76,,,139,,,,2
7837,VBM,590,195,33.05,,,57,,,137,,1,,
7838,Election_Day,631,199,31.54,,,68,,,131,,,,
7838,VBM,631,247,39.14,,,70,,,176,,,,1
7839,Election_Day,569,169,29.70,,,71,,,97,1,,,
7839,VBM,569,220,38.66,,,56,,,162,,,,2
7841,Election_Day,619,231,37.32,,1,87,,1,140,,,,2
7841,VBM,619,184,29.73,,,52,,1,131,,,,
7842,Election_Day,552,222,40.22,,,105,1,,114,,2,,
7842,VBM,552,144,26.09,1,,62,,1,77,,,,3
7843,Election_Day,482,190,39.42,,,101,,,88,,1,,
7843,VBM,482,100,20.75,,,39,,,61,,,,
7844,Election_Day,408,162,39.71,,,74,,,87,,,,1
7844,VBM,408,99,24.26,,,57,,,41,,,,1
7845,Election_Day,595,189,31.76,,,78,,,110,,,,1
7845,VBM,595,185,31.09,,,58,,,125,,,,2
7846,Election_Day,593,206,34.74,,,85,1,,120,,,,
7846,VBM,593,157,26.48,,,51,,,105,,,,1
7847,Election_Day,619,227,36.67,,,75,,,149,,1,,2
7847,VBM,619,207,33.44,,,71,,,135,,,,1
7848,Election_Day,576,197,34.20,,,82,,,114,,,,1
7848,VBM,576,175,30.38,,,53,,,121,,,,1
7849,Election_Day,606,269,44.39,,,121,,,147,,,,1
7849,VBM,606,168,27.72,,,58,,,109,,,,1
7851,Election_Day,299,84,28.09,,,39,,,45,,,,
7851,VBM,299,128,42.81,,,31,1,1,94,,,,1
7852,Election_Day,442,120,27.15,,,37,1,,80,,,,2
7852,VBM,442,160,36.20,,,47,,,112,,,,1
7853,VBM,546,197,36.08,,,46,,,151,,,,
7854,Election_Day,601,198,32.95,,,86,,,111,,,,1
7854,VBM,601,171,28.45,,,59,,,108,,2,,2
7855,Election_Day,606,229,37.79,,,92,,,137,,,,
7855,VBM,606,145,23.93,,,48,,,96,,,,1
7856,Election_Day,543,191,35.17,,,93,,,98,,,,
7856,VBM,543,153,28.18,,,49,,,104,,,,
7857,Election_Day,591,195,32.99,,,109,,,84,,,,2
7857,VBM,591,172,29.10,2,,75,,2,91,,1,,1
7858,Election_Day,486,184,37.86,,1,105,,,77,,,,1
7858,VBM,486,118,24.28,,,58,,,60,,,,
7859,Election_Day,576,189,32.81,,,67,,,121,,1,,
7859,VBM,576,194,33.68,,,58,,,136,,,,
7861,Election_Day,574,189,32.93,,,84,,,104,,,,1
7861,VBM,574,162,28.22,,,56,,,104,,,,2
7862,Election_Day,591,228,38.58,,,99,2,,125,,1,,1
7862,VBM,591,168,28.43,,,58,,,107,,,,3
7863,Election_Day,565,223,39.47,,,109,,,113,,,,1
7863,VBM,565,149,26.37,,,65,,,83,,,,1
7864,Election_Day,477,180,37.74,,,100,,1,79,,,,
7864,VBM,477,116,24.32,,,46,,,68,,1,,1
7865,Election_Day,553,211,38.16,,,112,,,98,,,,1
7865,VBM,553,147,26.58,,,61,,,82,,,,4
7866,Election_Day,487,163,33.47,,,58,,,104,,,,1
7866,VBM,487,195,40.04,,1,61,,,130,,,1,2
7867,Election_Day,628,210,33.44,,,86,,,123,1,,,
7867,VBM,628,171,27.23,,,57,,,113,,,,1
7868,Election_Day,576,179,31.08,,,63,1,,115,,,,
7868,VBM,576,173,30.03,,,44,,,128,,,1,
7869,Election_Day,580,187,32.24,,,93,,,94,,,,
7869,VBM,580,202,34.83,,,59,,,141,,,,2
7871,VBM,590,184,31.19,,,64,,,120,,,,
7872,Election_Day,618,255,41.26,,1,91,,1,161,,,,1
7872,VBM,618,185,29.94,,,58,,,126,,1,,
7873,Election_Day,578,224,38.75,,,94,,,129,,,,1
7873,VBM,578,178,30.80,,,68,,,108,1,1,,
7874,Election_Day,315,101,32.06,,,53,,,47,,,,1
7874,VBM,315,89,28.25,,,27,1,,58,,,,3
7875,Election_Day,358,73,20.39,,,43,,,30,,,,
7875,VBM,358,100,27.93,,,38,1,,59,1,,,1
7901,Election_Day,713,219,30.72,,,125,,,93,,,1,
7901,VBM,713,152,21.32,1,,62,,,89,,,,
7902,Election_Day,578,216,37.37,,,136,,,77,,,,3
7902,VBM,578,107,18.51,,,42,,,64,,,,1
7903,Election_Day,504,157,31.15,,,99,,,56,2,,,
7903,VBM,504,110,21.83,,1,37,2,,66,1,1,1,1
7904,Election_Day,528,136,25.76,,,85,,,50,,,,1
7904,VBM,528,121,22.92,,,51,,,70,,,,
7905,Election_Day,519,183,35.26,,,113,,,69,,,,1
7905,VBM,519,129,24.86,,,61,,,66,1,1,,
7906,Election_Day,506,197,38.93,,,114,,,83,,,,
7906,VBM,506,105,20.75,,,47,,,57,,,,1
7907,Election_Day,562,207,36.83,,,126,,,80,1,,,
7907,VBM,562,130,23.13,,,61,,,69,,,,
7908,Election_Day,593,197,33.22,,,115,,1,81,,,,
7908,VBM,593,128,21.59,,,41,,,85,1,,,1
7909,Election_Day,464,193,41.59,,,125,,,67,,,,1
7909,VBM,464,86,18.53,,1,45,,,40,,,,
7911,Election_Day,533,202,37.90,,,119,,,82,,,,1
7911,VBM,533,137,25.70,,,72,,,65,,,,
7912,Election_Day,636,213,33.49,,,137,,,72,,1,,3
7912,VBM,636,152,23.90,,,69,,,81,,,,2
7913,VBM,578,121,20.93,,1,65,,,51,,2,,2
7914,Election_Day,578,204,35.29,,,131,,,73,,,,
7914,VBM,578,129,22.32,,,76,,,53,,,,
7915,Election_Day,482,190,39.42,,,117,,1,71,,,,1
7915,VBM,482,80,16.60,,,42,,,38,,,,
7916,Election_Day,555,230,41.44,,,134,,,94,,,,2
7916,VBM,555,124,22.34,,,57,,1,66,,,,
7917,Election_Day,640,233,36.41,1,,155,2,,74,,,,1
7917,VBM,640,121,18.91,,,67,,1,50,,,,3
7918,Election_Day,513,198,38.60,,,131,,,67,,,,
7918,VBM,513,105,20.47,,,63,,,41,,,,1
7919,Election_Day,544,257,47.24,,,153,,,104,,,,
7919,VBM,544,121,22.24,,,75,,,44,,,,2
7921,Election_Day,561,160,28.52,,,94,,,66,,,,
7921,VBM,561,107,19.07,,,54,,,50,,1,,2
7922,Election_Day,525,179,34.10,,,119,,,59,,,,1
7922,VBM,525,127,24.19,,,67,,,59,,,1,
7923,Election_Day,571,206,36.08,,,115,,,91,,,,
7923,VBM,571,135,23.64,,,60,,,72,,,1,2
7924,Election_Day,530,180,33.96,,,117,,,62,,,,1
7924,VBM,530,117,22.08,,1,58,,,56,,2,,
7925,Election_Day,370,119,32.16,,,72,,,46,,,,1
7925,VBM,370,86,23.24,,,36,,,49,,,,1
7926,Election_Day,549,181,32.97,,,103,,,77,,,,1
7926,VBM,549,142,25.87,,,68,,,71,,,,3
7927,Election_Day,540,206,38.15,,,114,,1,90,,,,1
7927,VBM,540,137,25.37,,,62,,,71,,2,,2
7928,Election_Day,608,265,43.59,,,157,,,106,1,,,1
7928,VBM,608,159,26.15,,,79,,,79,,1,,
7929,Election_Day,575,194,33.74,,,93,,,100,1,,,
7929,VBM,575,199,34.61,,,97,,,100,1,,,1
7931,VBM,514,168,32.68,,,81,,,86,,,,1
7932,Election_Day,333,117,35.14,,,54,1,,62,,,,
7932,VBM,333,103,30.93,,,42,,,59,1,,,1
7933,Election_Day,8,0,0.00,,,,,,,,,,
7933,VBM,8,6,75.00,,,1,,,5,,,,
7934,Election_Day,555,197,35.50,,,126,,1,69,,,1,
7934,VBM,555,143,25.77,,,59,,,84,,,,
7935,Election_Day,639,237,37.09,,,111,,,125,,,,1
7935,VBM,639,180,28.17,1,,79,,,98,1,1,,
7936,Election_Day,587,229,39.01,,,108,1,,119,,1,,
7936,VBM,587,150,25.55,,,68,,,79,,,,3
7937,Election_Day,600,208,34.67,,,111,1,,95,1,,,
7937,VBM,600,165,27.50,,1,71,,,92,,,,1
7938,Election_Day,503,166,33.00,,,84,,,81,,,,1
7938,VBM,503,103,20.48,,,45,,1,56,,,,1
7939,Election_Day,488,192,39.34,,,92,,,99,,1,,
7939,VBM,488,115,23.57,,,51,,,64,,,,
7941,Election_Day,508,169,33.27,,,89,,1,79,,,,
7941,VBM,508,119,23.43,,,48,,,69,,,,2
7942,Election_Day,579,184,31.78,,,95,,,89,,,,
7942,VBM,579,140,24.18,,,44,,,93,,1,1,1
7943,Election_Day,564,181,32.09,,,80,,,100,,,,1
7943,VBM,564,143,25.35,,,51,,,89,,1,,2
7944,Election_Day,513,194,37.82,,,110,,,83,,,,1
7944,VBM,513,110,21.44,,,48,,,60,,,1,1
7945,Election_Day,548,84,15.33,,,46,,,38,,,,
7945,VBM,548,173,31.57,,1,60,,,112,,,,
7946,Election_Day,521,121,23.22,,,53,,,68,,,,
7946,VBM,521,135,25.91,,,46,2,,84,,,,3
7947,Election_Day,473,103,21.78,,,53,,,48,,,,2
7947,VBM,473,132,27.91,,1,46,,,81,,1,,3
7948,VBM,481,146,30.35,,,45,,,96,,1,,4
7949,Election_Day,281,52,18.51,1,,31,,,20,,,,
7949,VBM,281,82,29.18,,,29,,,50,1,,,2
7951,Election_Day,403,82,20.35,,,40,,,41,1,,,
7951,VBM,403,119,29.53,,,58,,,54,,2,1,4
7952,Election_Day,417,89,21.34,,,53,,,34,,,,2
7952,VBM,417,112,26.86,,,47,,,63,,,,2
7953,Election_Day,452,115,25.44,,,50,,,65,,,,
7953,VBM,452,116,25.66,,,47,,,65,,2,1,1
7954,Election_Day,0,0,0.00,,,,,,,,,,
7954,VBM,0,0,0.00,,,,,,,,,,
7955,Election_Day,466,108,23.18,,,53,,,54,,,1,
7955,VBM,466,130,27.90,1,,51,3,,71,2,2,,
7956,Election_Day,376,72,19.15,,,36,,,34,,1,1,
7956,VBM,376,110,29.26,,,41,,1,62,4,,,2
7957,Election_Day,380,82,21.58,,1,38,,,42,,,,1
7957,VBM,380,118,31.05,,,44,,1,70,,,1,2
7958,Election_Day,156,0,0.00,,,,,,,,,,
7958,VBM,156,43,27.56,,,14,,,29,,,,
9001,Election_Day,125,0,0.00,,,,,,,,,,
9001,VBM,125,45,36.00,,,13,,,32,,,,
9101,Election_Day,450,160,35.56,,,99,,,59,,1,,1
9101,VBM,450,139,30.89,,,56,,,78,,1,,4
9102,Election_Day,508,160,31.50,,,84,,,74,1,,,1
9102,VBM,508,143,28.15,,,50,,,90,,2,,1
9103,Election_Day,500,159,31.80,,,79,,,76,1,1,,2
9103,VBM,500,140,28.00,,,52,,1,83,,,,4
9104,Election_Day,497,156,31.39,,,97,1,,58,,,,
9104,VBM,497,117,23.54,,1,39,2,1,72,,1,,1
9105,Election_Day,530,177,33.40,,1,80,,,96,,,,
9105,VBM,530,156,29.43,,,49,,,104,,2,,1
9106,VBM,534,160,29.96,,,63,,,96,,,,1
9107,Election_Day,417,152,36.45,,,86,,,63,,,,3
9107,VBM,417,104,24.94,,2,50,1,,51,,,,
9108,Election_Day,433,143,33.03,,,73,1,,69,,,,
9108,VBM,433,96,22.17,,,46,,,47,,2,,1
9109,Election_Day,469,141,30.06,,,61,1,,77,,2,,
9109,VBM,469,124,26.44,,,52,,,72,,,,
9111,Election_Day,403,145,35.98,1,1,79,,,62,,,,2
9111,VBM,403,90,22.33,,,38,,,51,,1,,
9112,Election_Day,521,157,30.13,,,76,,,79,,,,2
9112,VBM,521,141,27.06,,,53,,,86,2,,,
9113,Election_Day,574,194,33.80,,,89,1,,103,,,,1
9113,VBM,574,143,24.91,,,46,,,96,,,,1
9114,Election_Day,467,147,31.48,,,66,,,79,,,,2
9114,VBM,467,115,24.63,,,53,,,60,,,,2
9115,Election_Day,510,156,30.59,,,97,,,59,,,,
9115,VBM,510,124,24.31,,,49,,,72,2,1,,
9116,Election_Day,509,162,31.83,,,83,1,1,76,,,,1
9116,VBM,509,120,23.58,,,52,1,,65,,,,2
9117,Election_Day,418,127,30.38,,,74,,,52,,,,1
9117,VBM,418,140,33.49,,,55,,,83,1,,,1
9118,Election_Day,471,144,30.57,,,83,,,61,,,,
9118,VBM,471,114,24.20,,,41,1,1,67,,1,,3
9119,Election_Day,450,123,27.33,,,74,,,49,,,,
9119,VBM,450,126,28.00,,,62,1,,61,,1,,1
9121,Election_Day,462,151,32.68,,,80,,,70,,,1,
9121,VBM,462,121,26.19,,,63,1,1,53,,1,,2
9122,Election_Day,416,117,28.13,,,68,,,48,,1,,
9122,VBM,416,133,31.97,,1,58,,,71,,,,3
9123,Election_Day,481,144,29.94,,,84,,,59,,,,1
9123,VBM,481,124,25.78,,1,61,,,60,,1,,1
9124,VBM,488,125,25.61,,,53,,,68,1,1,,2
9125,Election_Day,483,148,30.64,,,92,,,55,,,,1
9125,VBM,483,148,30.64,,,62,,,84,,,,2
9126,Election_Day,500,143,28.60,,1,75,1,,66,,,,
9126,VBM,500,155,31.00,,,61,1,2,91,,,,
9127,Election_Day,539,171,31.73,,,87,,,84,,,,
9127,VBM,539,134,24.86,,,46,,,84,,,,4
9128,Election_Day,456,178,39.04,,1,79,,,98,,,,
9128,VBM,456,117,25.66,,,45,,,70,,1,,1
9129,Election_Day,386,92,23.83,,,49,,,43,,,,
9129,VBM,386,81,20.98,,1,29,,,48,,,,3
9131,Election_Day,426,141,33.10,,,77,,,63,,1,,
9131,VBM,426,117,27.46,,1,58,,,55,,1,,2
9132,Election_Day,478,180,37.66,,,101,,,72,1,4,1,1
9132,VBM,478,111,23.22,,,47,,,64,,,,
9133,Election_Day,564,158,28.01,,1,65,,,91,,,,1
9133,VBM,564,160,28.37,,,50,1,,107,,,,2
9134,Election_Day,453,122,26.93,,,76,,,45,1,,,
9134,VBM,453,111,24.50,,1,48,,,61,,,,1
9135,Election_Day,402,133,33.08,,,74,,,55,,2,,2
9135,VBM,402,110,27.36,1,,37,,,67,,3,,2
9136,Election_Day,486,171,35.19,,,96,1,1,72,,,,1
9136,VBM,486,103,21.19,,,46,1,,55,,,,1
9137,Election_Day,445,129,28.99,,,76,1,1,50,,,,1
9137,VBM,445,138,31.01,,,68,,,66,,1,,3
9138,Election_Day,466,112,24.03,,,70,,,40,,,,2
9138,VBM,466,130,27.90,,,44,1,,82,,2,,1
9139,Election_Day,495,133,26.87,,,72,,,60,,,,1
9139,VBM,495,141,28.48,,6,51,,,83,,,,1
9141,Election_Day,473,135,28.54,,1,78,,,56,,,,
9141,VBM,473,134,28.33,,,64,1,,67,1,,,1
9142,VBM,514,129,25.10,,,64,,1,57,,2,,5
9143,Election_Day,500,162,32.40,1,,92,,1,68,,,,
9143,VBM,500,126,25.20,,,54,,,68,,3,,1
9144,Election_Day,490,188,38.37,,,116,1,,71,,,,
9144,VBM,490,129,26.33,,,51,,,76,,,,2
9145,Election_Day,481,160,33.26,,,73,,,84,,,,3
9145,VBM,481,108,22.45,,,32,,,76,,,,
9146,Election_Day,488,192,39.34,,,111,,,80,,,,1
9146,VBM,488,108,22.13,,,48,,1,58,,,,1
9147,Election_Day,519,164,31.60,,1,94,,,68,,1,,
9147,VBM,519,118,22.74,,,55,,1,57,,1,,4
9148,Election_Day,582,240,41.24,,,120,1,,119,,,,
9148,VBM,582,134,23.02,,,58,,,73,,1,,2
9149,Election_Day,544,169,31.07,,,85,,,82,,,,2
9149,VBM,544,139,25.55,,,71,,,68,,,,
9151,Election_Day,451,115,25.50,,,47,,,66,,1,,1
9151,VBM,451,140,31.04,,,37,,,103,,,,
9152,Election_Day,406,83,20.44,,,49,,1,33,,,,
9152,VBM,406,81,19.95,,,49,,,31,,,,1
9201,Election_Day,523,183,34.99,,,110,,,72,,,,1
9201,VBM,523,114,21.80,,1,77,,,36,,,,
9202,Election_Day,448,169,37.72,,,87,,,82,,,,
9202,VBM,448,108,24.11,,,50,,,57,,,,1
9203,Election_Day,380,108,28.42,,,43,,,62,,,1,2
9203,VBM,380,109,28.68,,,20,,1,87,1,,,
9204,Election_Day,352,111,31.53,,,33,,,77,,1,,
9204,VBM,352,96,27.27,,1,26,,,69,,,,
9205,Election_Day,339,99,29.20,,,34,,,64,,,,1
9205,VBM,339,102,30.09,,1,28,2,,71,,,,
9206,Election_Day,377,99,26.26,,,40,,,58,,1,,
9206,VBM,377,113,29.97,,,35,1,,76,,,,1
9207,VBM,367,99,26.98,,,31,,,67,,1,,
9208,Election_Day,412,121,29.37,,1,41,,,79,,,,
9208,VBM,412,86,20.87,,,30,,,56,,,,
9209,Election_Day,298,110,36.91,,,33,,,76,,1,,
9209,VBM,298,85,28.52,,,22,,,59,,2,,2
9211,Election_Day,374,119,31.82,,,35,1,,83,,,,
9211,VBM,374,98,26.20,,,33,1,,63,,1,,
9212,Election_Day,403,124,30.77,,,56,,1,65,,1,,1
9212,VBM,403,83,20.60,,,19,1,,63,,,,
9213,Election_Day,400,114,28.50,,,52,,,62,,,,
9213,VBM,400,126,31.50,,,42,,,83,,,,1
9214,Election_Day,257,76,29.57,,,33,,,43,,,,
9214,VBM,257,89,34.63,,,27,,,61,,,1,
9215,Election_Day,269,83,30.86,,,16,,1,65,,,,1
9215,VBM,269,90,33.46,,1,22,,,67,,,,
9216,Election_Day,322,112,34.78,,,34,,,77,1,,,
9216,VBM,322,71,22.05,,1,16,,,50,,1,,3
9217,Election_Day,329,94,28.57,,,39,,,55,,,,
9217,VBM,329,90,27.36,,,29,,,61,,,,
9218,Election_Day,358,93,25.98,,,38,1,,53,,,,1
9218,VBM,358,90,25.14,,,32,,,57,,,,1
9219,Election_Day,351,144,41.03,,,47,,,96,,,,1
9219,VBM,351,69,19.66,,,23,,,46,,,,
9221,Election_Day,299,86,28.76,,,22,,1,63,,,,
9221,VBM,299,100,33.44,,,27,,,73,,,,
9222,Election_Day,386,110,28.50,,,33,,,77,,,,
9222,VBM,386,132,34.20,,,24,,,105,,,,3
9223,Election_Day,253,68,26.88,,,27,,,41,,,,
9223,VBM,253,93,36.76,,,32,1,,59,,,,1
9224,Election_Day,435,146,33.56,,,52,,,94,,,,
9224,VBM,435,137,31.49,,,40,,,96,,,,1
9225,VBM,414,90,21.74,,,25,,,64,,1,,
9226,Election_Day,379,121,31.93,,,40,,,81,,,,
9226,VBM,379,127,33.51,,,34,,,91,,,,2
9227,Election_Day,389,113,29.05,,,38,,,73,1,,,1
9227,VBM,389,123,31.62,,,31,,,92,,,,
9228,Election_Day,380,136,35.79,,,45,,,91,,,,
9228,VBM,380,119,31.32,,,30,,2,82,,1,1,3
9229,Election_Day,331,98,29.61,,,36,1,,61,,,,
9229,VBM,331,111,33.53,,,29,,,82,,,,
9231,Election_Day,577,240,41.59,,,107,,,132,,,,1
9231,VBM,577,142,24.61,,,65,,1,75,,,1,
9232,Election_Day,396,139,35.10,,,51,,,88,,,,
9232,VBM,396,84,21.21,,,32,,,52,,,,
9233,Election_Day,371,120,32.35,,,34,1,,83,,,,2
9233,VBM,371,109,29.38,1,,25,,,80,,1,,2
9234,Election_Day,375,110,29.33,,,33,,,75,,1,,1
9234,VBM,375,105,28.00,,,23,,,79,,,,3
9235,Election_Day,390,121,31.03,,,31,,,90,,,,
9235,VBM,390,116,29.74,,,28,,,88,,,,
9236,Election_Day,325,106,32.62,,,36,1,,68,1,,,
9236,VBM,325,113,34.77,,,27,,,84,,,,2
9237,Election_Day,433,115,26.56,,,42,1,,72,,,,
9237,VBM,433,112,25.87,1,,34,,,76,,1,,
9238,Election_Day,392,113,28.83,,,34,,,79,,,,
9238,VBM,392,112,28.57,,,33,,,76,,1,,2
9239,Election_Day,389,114,29.31,,,31,,,83,,,,
9239,VBM,389,142,36.50,,,22,,,117,,1,,2
9241,Election_Day,444,140,31.53,,,49,,,91,,,,
9241,VBM,444,145,32.66,,,38,,,107,,,,
9242,Election_Day,453,146,32.23,,,64,,,81,,,,1
9242,VBM,453,132,29.14,,,24,1,,105,,1,,1
9243,VBM,316,83,26.27,,,27,,,55,,,,1
9244,Election_Day,453,160,35.32,,,57,,,102,,1,,
9244,VBM,453,103,22.74,,1,32,,,70,,,,
9245,Election_Day,380,125,32.89,,1,47,,1,74,1,1,,
9245,VBM,380,94,24.74,,1,25,,,65,,1,,2
9246,Election_Day,461,147,31.89,,,59,,,87,,,,1
9246,VBM,461,142,30.80,,,43,,,96,,,,3
9247,Election_Day,498,158,31.73,,,73,,,85,,,,
9247,VBM,498,142,28.51,,,39,1,,100,,,,2
9248,Election_Day,452,133,29.42,,,56,,,77,,,,
9248,VBM,452,135,29.87,,,42,,,92,,,,1
9249,Election_Day,485,166,34.23,,,61,,,105,,,,
9249,VBM,485,154,31.75,,,54,,,100,,,,
9251,Election_Day,511,175,34.25,,,64,,,108,,2,,1
9251,VBM,511,152,29.75,,,46,,,105,,,,1
9252,Election_Day,491,127,25.87,,,60,,,67,,,,
9252,VBM,491,138,28.11,,,40,,,91,1,2,,4
9253,Election_Day,403,130,32.26,,,54,,,73,,2,,1
9253,VBM,403,102,25.31,,1,22,,,76,,,,3
9254,Election_Day,514,175,34.05,,,70,,,105,,,,
9254,VBM,514,155,30.16,,,43,,,112,,,,
9255,Election_Day,289,105,36.33,,,57,,,47,,,,1
9255,VBM,289,69,23.88,,,31,,,38,,,,
9256,Election_Day,217,61,28.11,,,19,,,42,,,,
9256,VBM,217,43,19.82,,,9,,,34,,,,
9257,Election_Day,168,0,0.00,,,,,,,,,,
9257,VBM,168,60,35.71,,,32,,,27,,,,1
9258,Election_Day,394,106,26.90,,,55,,,51,,,,
9258,VBM,394,127,32.23,,,52,,,75,,,,
9401,Election_Day,517,196,37.91,,,129,,,66,,,,1
9401,VBM,517,114,22.05,,,63,,,46,,2,,3
9402,VBM,555,123,22.16,,,58,1,,61,,1,,2
9403,Election_Day,477,148,31.03,,,82,,,64,,,,2
9403,VBM,477,120,25.16,1,1,54,,2,61,,,,1
9404,Election_Day,442,116,26.24,1,,63,,,52,,,,
9404,VBM,442,92,20.81,,,38,3,2,48,,,,1
9405,Election_Day,414,163,39.37,,,95,,,66,,2,,
9405,VBM,414,117,28.26,,,52,,1,63,,,,1
9406,Election_Day,480,152,31.67,,,74,1,,75,,1,,1
9406,VBM,480,110,22.92,,,48,1,,59,,1,,1
9407,Election_Day,485,162,33.40,,,90,,,69,1,,,2
9407,VBM,485,113,23.30,,,55,,1,55,1,,,1
9408,Election_Day,496,163,32.86,,,109,,1,51,,,1,1
9408,VBM,496,111,22.38,,,58,,,52,1,,,
9409,Election_Day,341,141,41.35,,1,91,,,48,,,,1
9409,VBM,341,70,20.53,,2,29,,,37,2,,,
9411,Election_Day,571,188,32.92,,,121,,,65,1,,,1
9411,VBM,571,134,23.47,,,63,,,71,,,,
9412,Election_Day,469,165,35.18,,,95,,,70,,,,
9412,VBM,469,106,22.60,,,54,,,51,1,,,
9413,Election_Day,466,133,28.54,,,74,,1,55,1,,,2
9413,VBM,466,112,24.03,1,1,49,1,1,59,,,,
9414,Election_Day,430,122,28.37,,,71,,,47,,,,4
9414,VBM,430,125,29.07,1,1,55,,,68,,,,
9415,Election_Day,372,117,31.45,,,63,,,51,,,,3
9415,VBM,372,105,28.23,,,41,,,63,,1,,
9416,Election_Day,498,168,33.73,,,94,1,,71,,,,2
9416,VBM,498,116,23.29,,,56,,,60,,,,
9417,Election_Day,348,87,25.00,,,50,,,36,,,,1
9417,VBM,348,96,27.59,,1,40,,,52,,,,3
9418,Election_Day,380,120,31.58,,,72,1,,47,,,,
9418,VBM,380,99,26.05,,2,40,,,56,,,,1
9419,VBM,421,135,32.07,,,63,,,70,,,,2
9421,Election_Day,432,102,23.61,1,,57,1,,43,,,,
9421,VBM,432,121,28.01,,1,48,,,70,,,,2
9422,Election_Day,490,182,37.14,,1,90,,,88,,1,,2
9422,VBM,490,132,26.94,,2,66,,,62,,,,2
9423,Election_Day,423,112,26.48,,,65,,1,45,,,,1
9423,VBM,423,114,26.95,,,58,,,53,,,,3
9424,Election_Day,437,125,28.60,,,60,1,,63,,,,1
9424,VBM,437,113,25.86,,2,52,1,,56,,,,2
9425,Election_Day,432,117,27.08,,,75,,,40,,1,,1
9425,VBM,432,119,27.55,,,58,,,60,,,,1
9426,Election_Day,351,105,29.91,,,59,,,44,,,,2
9426,VBM,351,95,27.07,,1,40,,,53,,1,,
9427,Election_Day,412,106,25.73,,1,58,,,46,,,,1
9427,VBM,412,119,28.88,,2,47,,1,62,,1,,6
9428,Election_Day,434,92,21.20,,,70,,,22,,,,
9428,VBM,434,147,33.87,,,60,2,,83,,,,2
9429,Election_Day,421,140,33.25,,1,85,,,53,,,,1
9429,VBM,421,110,26.13,,,46,,,62,2,,,
9431,Election_Day,442,126,28.51,,,67,,,57,,1,,1
9431,VBM,442,143,32.35,,,41,1,1,96,,,,4
9432,Election_Day,425,133,31.29,,,69,,,64,,,,
9432,VBM,425,108,25.41,,1,40,,,63,1,2,,1
9433,Election_Day,439,109,24.83,,,61,1,,46,,,,1
9433,VBM,439,122,27.79,,,49,,,69,,1,,3
9434,Election_Day,480,157,32.71,,,86,,,71,,,,
9434,VBM,480,143,29.79,,,47,,,93,1,,,2
9435,Election_Day,466,152,32.62,,,88,,,62,,,,2
9435,VBM,466,120,25.75,,,33,1,,84,,,,2
9436,Election_Day,448,126,28.13,,,69,2,,54,,,,1
9436,VBM,448,139,31.03,,1,52,,,82,,,,4
9437,VBM,412,127,30.83,,,48,1,,72,,2,,4
9438,Election_Day,445,104,23.37,,,58,,1,44,,1,,
9438,VBM,445,135,30.34,,,49,,1,81,2,,,2
9439,Election_Day,425,115,27.06,,,61,1,1,51,1,,,
9439,VBM,425,108,25.41,,,37,4,2,62,,1,,2
9441,Election_Day,490,133,27.14,1,1,76,,,55,,,,
9441,VBM,490,136,27.76,,,55,2,,76,,,,3
9442,Election_Day,480,150,31.25,,,82,,,64,,3,,1
9442,VBM,480,121,25.21,,,53,1,,62,,2,,3
9443,Election_Day,449,142,31.63,,,72,1,,69,,,,
9443,VBM,449,106,23.61,1,,47,2,,51,,4,,1
9444,Election_Day,417,87,20.86,,,59,,,24,,,1,3
9444,VBM,417,106,25.42,,,45,,,55,,,,6
9445,Election_Day,485,139,28.66,,,76,1,,61,,,,1
9445,VBM,485,128,26.39,1,,53,,2,70,1,,,1
9446,Election_Day,543,161,29.65,1,,85,,,75,,,,
9446,VBM,543,145,26.70,,,51,,,87,,1,,6
9447,Election_Day,484,129,26.65,,,72,,,57,,,,
9447,VBM,484,131,27.07,,1,42,,1,85,,,,2
9448,Election_Day,420,124,29.52,1,,79,,,42,,,,2
9448,VBM,420,121,28.81,,,45,,1,71,,2,,2
9449,Election_Day,385,86,22.34,,,54,,,32,,,,
9449,VBM,385,99,25.71,,2,39,,,57,,,,1
9451,Election_Day,217,68,31.34,,1,35,,,32,,,,
9451,VBM,217,55,25.35,,,22,,,33,,,,
9452,Election_Day,401,148,36.91,,,69,,1,76,,1,,1
9452,VBM,401,95,23.69,,,38,,,55,,,,2
9453,Election_Day,253,69,27.27,,,34,,,35,,,,
9453,VBM,253,79,31.23,,,32,,,43,,2,,2
9501,Election_Day,78,0,0.00,,,,,,,,,,
9501,VBM,78,34,43.59,,,10,,,23,,,,1
9502,VBM,120,52,43.33,,,23,,,29,,,,
9503,Election_Day,432,98,22.69,,,35,,1,62,,,,
9503,VBM,432,104,24.07,,,36,,,68,,,,
9505,Election_Day,515,115,22.33,,,43,,,72,,,,
9505,VBM,515,112,21.75,,,26,,,84,1,,,1
9506,Election_Day,448,110,24.55,,,51,,,59,,,,
9506,VBM,448,91,20.31,,,35,,,56,,,,
9507,Election_Day,486,158,32.51,,,85,,,71,,,,2
9507,VBM,486,126,25.93,,,56,,,68,,,,2
9508,Election_Day,517,179,34.62,,,109,,,70,,,,
9508,VBM,517,106,20.50,,,54,,,49,,,,3
9509,Election_Day,420,135,32.14,,,74,,,61,,,,
9509,VBM,420,97,23.10,,,43,,,53,,,,1
9511,Election_Day,364,133,36.54,,,78,,,54,,1,,
9511,VBM,364,66,18.13,,,29,,,36,,,,1
9512,Election_Day,492,143,29.07,,,76,,,66,1,,,
9512,VBM,492,130,26.42,,1,69,,,60,,,,
9513,Election_Day,585,169,28.89,,,87,,,81,,,,1
9513,VBM,585,107,18.29,,1,51,,1,53,,1,,
9504,Election_Day,570,221,38.77,,,123,,,97,,,,1
9514,VBM,570,132,23.16,,,55,,,77,,,,
9515,Election_Day,415,173,41.69,,,101,,,72,,,,
9515,VBM,415,96,23.13,,,47,,,43,,2,,4
9516,Election_Day,495,170,34.34,,,88,,1,81,,,,
9516,VBM,495,131,26.46,,1,62,1,,61,1,1,,4
9517,Election_Day,475,163,34.32,,,94,,,67,,1,,1
9517,VBM,475,146,30.74,,2,75,,,68,,,,1
9518,Election_Day,468,172,36.75,,,76,,,91,1,2,,2
9518,VBM,468,115,24.57,,,47,1,,67,,,,
9519,Election_Day,508,187,36.81,,,87,,,100,,,,
9519,VBM,508,135,26.57,,,55,,,80,,,,
9521,VBM,569,138,24.25,,,63,,,75,,,,
9701,Election_Day,383,155,40.47,,,92,,,62,,1,,
9701,VBM,383,98,25.59,,,42,,,54,,,,2
9702,Election_Day,430,176,40.93,,1,97,,,78,,,,
9702,VBM,430,78,18.14,,,29,1,,44,,1,,3
9703,Election_Day,489,130,26.58,,,59,,,71,,,,
9703,VBM,489,133,27.20,,1,46,,,84,,,,2
9704,Election_Day,541,189,34.94,,,86,2,,100,,1,,
9704,VBM,541,148,27.36,,1,61,,,81,,1,,4
9705,Election_Day,549,219,39.89,,,104,1,,113,,,,1
9705,VBM,549,130,23.68,,,53,,,77,,,,
9706,Election_Day,28,0,0.00,,,,,,,,,,
9706,VBM,28,10,35.71,,,8,,,2,,,,
9707,Election_Day,389,106,27.25,,,41,2,,61,,2,,
9707,VBM,389,126,32.39,,,40,1,,83,,,,2
9708,Election_Day,526,191,36.31,,,103,,,87,,,,1
9708,VBM,526,155,29.47,,1,54,,,99,,,,1
9709,Election_Day,464,140,30.17,,,73,,,66,,,,1
9709,VBM,464,130,28.02,,,43,1,,85,,1,,
9711,Election_Day,344,120,34.88,,,55,,,65,,,,
9711,VBM,344,134,38.95,,,56,,,75,,2,,1
9712,Election_Day,358,116,32.40,,,40,,,76,,,,
9712,VBM,358,115,32.12,,,36,,,79,,,,
9713,Election_Day,479,114,23.80,,,54,,,59,,,,1
9713,VBM,479,131,27.35,,1,49,1,,76,,1,,3
9714,Election_Day,489,144,29.45,,,60,,,80,,,1,3
9714,VBM,489,181,37.01,,1,59,1,,118,,,,2
9715,Election_Day,319,144,45.14,,,47,1,,96,,,,
9715,VBM,319,79,24.76,1,1,11,,,64,,1,,1
9716,Election_Day,512,141,27.54,,,64,,,75,,1,,1
9716,VBM,512,151,29.49,1,1,60,1,,87,,,,1
9717,VBM,534,157,29.40,1,,53,,,100,,2,,1
9718,Election_Day,454,156,34.36,,,63,1,,90,,,,2
9718,VBM,454,161,35.46,1,,56,1,2,98,,1,,2
9719,Election_Day,491,155,31.57,,,70,,,84,,,,1
9719,VBM,491,135,27.49,1,1,43,1,1,85,1,1,,1
9721,Election_Day,357,139,38.94,,,38,,,98,,1,,2
9721,VBM,357,84,23.53,,,18,,,63,,,,3
9722,Election_Day,322,73,22.67,,,35,,,38,,,,
9722,VBM,322,124,38.51,,,42,,,78,,1,,3
9723,Election_Day,187,40,21.39,,,20,,,19,,1,,
9723,VBM,187,85,45.45,,,24,,,58,,1,1,1
9724,Election_Day,400,107,26.75,1,,50,,,56,,,,
9724,VBM,400,122,30.50,1,,35,,,79,,3,,4
9725,Election_Day,440,109,24.77,,1,49,1,,57,,,,1
9725,VBM,440,121,27.50,,1,44,,,69,,1,,6
9726,Election_Day,384,101,26.30,,,66,,,35,,,,
9726,VBM,384,88,22.92,,,49,,,36,,1,1,1
9727,Election_Day,195,33,16.92,,,14,,,19,,,,
9727,VBM,195,62,31.79,,,19,,,41,,1,,1
9728,Election_Day,481,124,25.78,,1,48,1,,72,,1,,1
9728,VBM,481,131,27.23,,,44,,1,83,,1,,2
9729,Election_Day,353,108,30.59,,,35,,,73,,,,
9729,VBM,353,131,37.11,,,37,,,92,,,,2
9731,Election_Day,269,102,37.92,,,27,,,75,,,,
9731,VBM,269,76,28.25,,,29,,,47,,,,
9732,Election_Day,41,0,0.00,,,,,,,,,,
9732,VBM,41,22,53.66,,,4,,,17,,,,1
9733,Election_Day,140,0,0.00,,,,,,,,,,
9733,VBM,140,68,48.57,,,14,,,52,,1,,1
9734,Election_Day,321,104,32.40,,1,21,,,80,1,,,1
9734,VBM,321,101,31.46,,,21,1,,77,,1,,1
9735,VBM,416,160,38.46,,,43,1,,115,,,,1
9736,Election_Day,406,115,28.33,,,44,,,71,,,,
9736,VBM,406,143,35.22,,,37,,,102,,1,,3
9737,Election_Day,502,138,27.49,,,58,,,79,,1,,
9737,VBM,502,186,37.05,,,67,,,116,,2,,1
9738,Election_Day,419,114,27.21,,,73,,,39,,,,2
9738,VBM,419,125,29.83,,,51,,1,70,,1,,2
9739,Election_Day,464,121,26.08,,,77,,,42,,,,2
9739,VBM,464,100,21.55,,,51,,,45,,1,,3
9741,Election_Day,384,37,9.64,,1,35,,,1,,,,
9741,VBM,384,27,7.03,,,23,,,4,,,,
9742,Election_Day,277,79,28.52,,,28,,,50,,1,,
9742,VBM,277,84,30.32,,,31,,,51,,,,2
9743,Election_Day,613,141,23.00,,,97,,,44,,,,
9743,VBM,613,163,26.59,1,2,63,,,94,,2,,1
9744,Election_Day,502,140,27.89,,,86,,,54,,,,
9744,VBM,502,118,23.51,,,56,,,60,,1,,1
9745,Election_Day,543,115,21.18,,1,85,,,28,1,,,
9745,VBM,543,103,18.97,1,1,60,1,,40,,,,
9746,Election_Day,455,141,30.99,,,68,,1,71,,,,1
9746,VBM,455,153,33.63,,,66,,1,83,,1,,2
9747,Election_Day,526,173,32.89,,,91,,,82,,,,
9747,VBM,526,145,27.57,,,60,1,,84,,,,
9748,Election_Day,504,142,28.17,,,61,,,79,1,,,1
9748,VBM,504,147,29.17,,,50,,,92,,2,,3
9749,Election_Day,453,120,26.49,,,70,1,,47,1,,,1
9749,VBM,453,117,25.83,,1,54,,1,60,,1,,
9751,Election_Day,531,144,27.12,,1,72,,,69,,,,2
9751,VBM,531,177,33.33,,,66,1,,110,,,,
9752,Election_Day,416,128,30.77,,1,60,,,65,1,1,,
9752,VBM,416,140,33.65,,,51,,,87,,,,2
9753,VBM,406,125,30.79,,,55,,,65,1,1,,3
9754,Election_Day,437,125,28.60,,,64,,,61,,,,
9754,VBM,437,139,31.81,,,47,,,92,,,,
9755,Election_Day,367,106,28.88,,,54,,2,49,,,,1
9755,VBM,367,92,25.07,,,35,1,,55,,,,1
9756,Election_Day,485,107,22.06,,,51,,,56,,,,
9756,VBM,485,144,29.69,,,65,,,73,,3,,3
9801,Election_Day,243,65,26.75,,,23,,,41,,,,1
9801,VBM,243,70,28.81,,,38,,,30,,,,2
9900,Election_Day,0,0,0.00,,,,,,,,,,
9900,VBM,0,0,0.00,,,,,,,,,,
9901,Election_Day,0,0,0.00,,,,,,,,,,
9901,VBM,0,0,0.00,,,,,,,,,,
9902,Election_Day,0,0,0.00,,,,,,,,,,
9902,VBM,0,0,0.00,,,,,,,,,,
